CREATE SCHEMA balanced_tree;

CREATE TABLE balanced_tree.product_hierarchy (
  "id" INTEGER,
  "parent_id" INTEGER,
  "level_text" VARCHAR(19),
  "level_name" VARCHAR(8)
);

INSERT INTO balanced_tree.product_hierarchy
  ("id", "parent_id", "level_text", "level_name")
VALUES
  ('1', NULL, 'Womens', 'Category'),
  ('2', NULL, 'Mens', 'Category'),
  ('3', '1', 'Jeans', 'Segment'),
  ('4', '1', 'Jacket', 'Segment'),
  ('5', '2', 'Shirt', 'Segment'),
  ('6', '2', 'Socks', 'Segment'),
  ('7', '3', 'Navy Oversized', 'Style'),
  ('8', '3', 'Black Straight', 'Style'),
  ('9', '3', 'Cream Relaxed', 'Style'),
  ('10', '4', 'Khaki Suit', 'Style'),
  ('11', '4', 'Indigo Rain', 'Style'),
  ('12', '4', 'Grey Fashion', 'Style'),
  ('13', '5', 'White Tee', 'Style'),
  ('14', '5', 'Teal Button Up', 'Style'),
  ('15', '5', 'Blue Polo', 'Style'),
  ('16', '6', 'Navy Solid', 'Style'),
  ('17', '6', 'White Striped', 'Style'),
  ('18', '6', 'Pink Fluro Polkadot', 'Style');

CREATE TABLE balanced_tree.product_prices (
  "id" INTEGER,
  "product_id" VARCHAR(6),
  "price" INTEGER
);

INSERT INTO balanced_tree.product_prices
  ("id", "product_id", "price")
VALUES
  ('7', 'c4a632', '13'),
  ('8', 'e83aa3', '32'),
  ('9', 'e31d39', '10'),
  ('10', 'd5e9a6', '23'),
  ('11', '72f5d4', '19'),
  ('12', '9ec847', '54'),
  ('13', '5d267b', '40'),
  ('14', 'c8d436', '10'),
  ('15', '2a2353', '57'),
  ('16', 'f084eb', '36'),
  ('17', 'b9a74d', '17'),
  ('18', '2feb6b', '29');

CREATE TABLE balanced_tree.product_details (
  "product_id" VARCHAR(6),
  "price" INTEGER,
  "product_name" VARCHAR(32),
  "category_id" INTEGER,
  "segment_id" INTEGER,
  "style_id" INTEGER,
  "category_name" VARCHAR(6),
  "segment_name" VARCHAR(6),
  "style_name" VARCHAR(19)
);

INSERT INTO balanced_tree.product_details
  ("product_id", "price", "product_name", "category_id", "segment_id", "style_id", "category_name", "segment_name", "style_name")
VALUES
  ('c4a632', '13', 'Navy Oversized Jeans - Womens', '1', '3', '7', 'Womens', 'Jeans', 'Navy Oversized'),
  ('e83aa3', '32', 'Black Straight Jeans - Womens', '1', '3', '8', 'Womens', 'Jeans', 'Black Straight'),
  ('e31d39', '10', 'Cream Relaxed Jeans - Womens', '1', '3', '9', 'Womens', 'Jeans', 'Cream Relaxed'),
  ('d5e9a6', '23', 'Khaki Suit Jacket - Womens', '1', '4', '10', 'Womens', 'Jacket', 'Khaki Suit'),
  ('72f5d4', '19', 'Indigo Rain Jacket - Womens', '1', '4', '11', 'Womens', 'Jacket', 'Indigo Rain'),
  ('9ec847', '54', 'Grey Fashion Jacket - Womens', '1', '4', '12', 'Womens', 'Jacket', 'Grey Fashion'),
  ('5d267b', '40', 'White Tee Shirt - Mens', '2', '5', '13', 'Mens', 'Shirt', 'White Tee'),
  ('c8d436', '10', 'Teal Button Up Shirt - Mens', '2', '5', '14', 'Mens', 'Shirt', 'Teal Button Up'),
  ('2a2353', '57', 'Blue Polo Shirt - Mens', '2', '5', '15', 'Mens', 'Shirt', 'Blue Polo'),
  ('f084eb', '36', 'Navy Solid Socks - Mens', '2', '6', '16', 'Mens', 'Socks', 'Navy Solid'),
  ('b9a74d', '17', 'White Striped Socks - Mens', '2', '6', '17', 'Mens', 'Socks', 'White Striped'),
  ('2feb6b', '29', 'Pink Fluro Polkadot Socks - Mens', '2', '6', '18', 'Mens', 'Socks', 'Pink Fluro Polkadot');

CREATE TABLE balanced_tree.sales (
  "prod_id" VARCHAR(6),
  "qty" INTEGER,
  "price" INTEGER,
  "discount" INTEGER,
  "member" BOOLEAN,
  "txn_id" VARCHAR(6),
  "start_txn_time" TIMESTAMP
);

INSERT INTO balanced_tree.sales
  ("prod_id", "qty", "price", "discount", "member", "txn_id", "start_txn_time")
VALUES
  ('c4a632', '4', '13', '17', 't', '54f307', '2021-02-13 01:59:43.296'),
  ('5d267b', '4', '40', '17', 't', '54f307', '2021-02-13 01:59:43.296'),
  ('b9a74d', '4', '17', '17', 't', '54f307', '2021-02-13 01:59:43.296'),
  ('2feb6b', '2', '29', '17', 't', '54f307', '2021-02-13 01:59:43.296'),
  ('c4a632', '5', '13', '21', 't', '26cc98', '2021-01-19 01:39:00.3456'),
  ('e31d39', '2', '10', '21', 't', '26cc98', '2021-01-19 01:39:00.3456'),
  ('72f5d4', '3', '19', '21', 't', '26cc98', '2021-01-19 01:39:00.3456'),
  ('2a2353', '3', '57', '21', 't', '26cc98', '2021-01-19 01:39:00.3456'),
  ('f084eb', '3', '36', '21', 't', '26cc98', '2021-01-19 01:39:00.3456'),
  ('c4a632', '1', '13', '21', 'f', 'ef648d', '2021-01-27 02:18:17.1648'),
  ('e83aa3', '5', '32', '21', 'f', 'ef648d', '2021-01-27 02:18:17.1648'),
  ('d5e9a6', '1', '23', '21', 'f', 'ef648d', '2021-01-27 02:18:17.1648'),
  ('72f5d4', '1', '19', '21', 'f', 'ef648d', '2021-01-27 02:18:17.1648'),
  ('5d267b', '3', '40', '21', 'f', 'ef648d', '2021-01-27 02:18:17.1648'),
  ('f084eb', '4', '36', '21', 'f', 'ef648d', '2021-01-27 02:18:17.1648'),
  ('b9a74d', '4', '17', '21', 'f', 'ef648d', '2021-01-27 02:18:17.1648'),
  ('c4a632', '2', '13', '23', 't', 'fba96f', '2021-03-03 00:32:56.0544'),
  ('e31d39', '5', '10', '23', 't', 'fba96f', '2021-03-03 00:32:56.0544'),
  ('9ec847', '3', '54', '23', 't', 'fba96f', '2021-03-03 00:32:56.0544'),
  ('f084eb', '4', '36', '23', 't', 'fba96f', '2021-03-03 00:32:56.0544'),
  ('2feb6b', '2', '29', '23', 't', 'fba96f', '2021-03-03 00:32:56.0544'),
  ('c4a632', '5', '13', '11', 't', '4e9268', '2021-01-23 14:18:54.0576'),
  ('e31d39', '4', '10', '11', 't', '4e9268', '2021-01-23 14:18:54.0576'),
  ('72f5d4', '5', '19', '11', 't', '4e9268', '2021-01-23 14:18:54.0576'),
  ('f084eb', '2', '36', '11', 't', '4e9268', '2021-01-23 14:18:54.0576'),
  ('b9a74d', '2', '17', '11', 't', '4e9268', '2021-01-23 14:18:54.0576'),
  ('e83aa3', '4', '32', '4', 't', '9717d4', '2021-01-29 07:22:13.2672'),
  ('d5e9a6', '2', '23', '4', 't', '9717d4', '2021-01-29 07:22:13.2672'),
  ('c8d436', '4', '10', '4', 't', '9717d4', '2021-01-29 07:22:13.2672'),
  ('2a2353', '1', '57', '4', 't', '9717d4', '2021-01-29 07:22:13.2672'),
  ('f084eb', '1', '36', '4', 't', '9717d4', '2021-01-29 07:22:13.2672'),
  ('72f5d4', '3', '19', '14', 'f', 'e9a1dd', '2021-03-28 20:01:43.1328'),
  ('9ec847', '3', '54', '14', 'f', 'e9a1dd', '2021-03-28 20:01:43.1328'),
  ('2a2353', '4', '57', '14', 'f', 'e9a1dd', '2021-03-28 20:01:43.1328'),
  ('f084eb', '2', '36', '14', 'f', 'e9a1dd', '2021-03-28 20:01:43.1328'),
  ('c4a632', '3', '13', '6', 'f', '003ea6', '2021-01-20 14:21:00.9792'),
  ('e31d39', '3', '10', '6', 'f', '003ea6', '2021-01-20 14:21:00.9792'),
  ('d5e9a6', '3', '23', '6', 'f', '003ea6', '2021-01-20 14:21:00.9792'),
  ('9ec847', '3', '54', '6', 'f', '003ea6', '2021-01-20 14:21:00.9792'),
  ('e31d39', '5', '10', '20', 'f', '5d749c', '2021-03-28 22:24:25.8048'),
  ('d5e9a6', '4', '23', '20', 'f', '5d749c', '2021-03-28 22:24:25.8048'),
  ('5d267b', '5', '40', '20', 'f', '5d749c', '2021-03-28 22:24:25.8048'),
  ('2a2353', '4', '57', '20', 'f', '5d749c', '2021-03-28 22:24:25.8048'),
  ('f084eb', '2', '36', '20', 'f', '5d749c', '2021-03-28 22:24:25.8048'),
  ('d5e9a6', '5', '23', '14', 'f', 'cf6517', '2021-02-21 21:45:33.3504'),
  ('72f5d4', '1', '19', '14', 'f', 'cf6517', '2021-02-21 21:45:33.3504'),
  ('5d267b', '5', '40', '14', 'f', 'cf6517', '2021-02-21 21:45:33.3504'),
  ('b9a74d', '3', '17', '14', 'f', 'cf6517', '2021-02-21 21:45:33.3504'),
  ('c4a632', '5', '13', '19', 't', '48b9d7', '2021-02-26 06:49:17.3856'),
  ('e83aa3', '2', '32', '19', 't', '48b9d7', '2021-02-26 06:49:17.3856'),
  ('e31d39', '1', '10', '19', 't', '48b9d7', '2021-02-26 06:49:17.3856'),
  ('d5e9a6', '2', '23', '19', 't', '48b9d7', '2021-02-26 06:49:17.3856'),
  ('5d267b', '5', '40', '19', 't', '48b9d7', '2021-02-26 06:49:17.3856'),
  ('c8d436', '1', '10', '19', 't', '48b9d7', '2021-02-26 06:49:17.3856'),
  ('2a2353', '3', '57', '19', 't', '48b9d7', '2021-02-26 06:49:17.3856'),
  ('b9a74d', '1', '17', '19', 't', '48b9d7', '2021-02-26 06:49:17.3856'),
  ('2feb6b', '5', '29', '19', 't', '48b9d7', '2021-02-26 06:49:17.3856'),
  ('72f5d4', '3', '19', '5', 't', '47251d', '2021-01-27 22:53:10.7808'),
  ('5d267b', '5', '40', '5', 't', '47251d', '2021-01-27 22:53:10.7808'),
  ('2a2353', '5', '57', '5', 't', '47251d', '2021-01-27 22:53:10.7808'),
  ('f084eb', '2', '36', '5', 't', '47251d', '2021-01-27 22:53:10.7808'),
  ('e83aa3', '4', '32', '15', 'f', 'c75ea6', '2021-03-03 04:17:19.8528'),
  ('e31d39', '5', '10', '15', 'f', 'c75ea6', '2021-03-03 04:17:19.8528'),
  ('72f5d4', '2', '19', '15', 'f', 'c75ea6', '2021-03-03 04:17:19.8528'),
  ('9ec847', '4', '54', '15', 'f', 'c75ea6', '2021-03-03 04:17:19.8528'),
  ('5d267b', '1', '40', '15', 'f', 'c75ea6', '2021-03-03 04:17:19.8528'),
  ('f084eb', '5', '36', '15', 'f', 'c75ea6', '2021-03-03 04:17:19.8528'),
  ('b9a74d', '4', '17', '15', 'f', 'c75ea6', '2021-03-03 04:17:19.8528'),
  ('2feb6b', '5', '29', '15', 'f', 'c75ea6', '2021-03-03 04:17:19.8528'),
  ('c4a632', '1', '13', '10', 't', '84a0f1', '2021-03-19 23:33:38.2752'),
  ('e31d39', '4', '10', '10', 't', '84a0f1', '2021-03-19 23:33:38.2752'),
  ('9ec847', '5', '54', '10', 't', '84a0f1', '2021-03-19 23:33:38.2752'),
  ('b9a74d', '2', '17', '10', 't', '84a0f1', '2021-03-19 23:33:38.2752'),
  ('2feb6b', '1', '29', '10', 't', '84a0f1', '2021-03-19 23:33:38.2752'),
  ('c4a632', '4', '13', '9', 'f', '786c60', '2021-01-13 08:41:16.4544'),
  ('e83aa3', '1', '32', '9', 'f', '786c60', '2021-01-13 08:41:16.4544'),
  ('e31d39', '4', '10', '9', 'f', '786c60', '2021-01-13 08:41:16.4544'),
  ('d5e9a6', '4', '23', '9', 'f', '786c60', '2021-01-13 08:41:16.4544'),
  ('72f5d4', '1', '19', '9', 'f', '786c60', '2021-01-13 08:41:16.4544'),
  ('9ec847', '2', '54', '9', 'f', '786c60', '2021-01-13 08:41:16.4544'),
  ('c8d436', '5', '10', '9', 'f', '786c60', '2021-01-13 08:41:16.4544'),
  ('2a2353', '4', '57', '9', 'f', '786c60', '2021-01-13 08:41:16.4544'),
  ('f084eb', '1', '36', '9', 'f', '786c60', '2021-01-13 08:41:16.4544'),
  ('b9a74d', '2', '17', '9', 'f', '786c60', '2021-01-13 08:41:16.4544'),
  ('c4a632', '1', '13', '13', 't', '500bf9', '2021-03-08 02:41:15.3312'),
  ('d5e9a6', '1', '23', '13', 't', '500bf9', '2021-03-08 02:41:15.3312'),
  ('9ec847', '4', '54', '13', 't', '500bf9', '2021-03-08 02:41:15.3312'),
  ('b9a74d', '4', '17', '13', 't', '500bf9', '2021-03-08 02:41:15.3312'),
  ('e83aa3', '4', '32', '24', 't', '034601', '2021-01-12 17:35:37.3344'),
  ('e31d39', '4', '10', '24', 't', '034601', '2021-01-12 17:35:37.3344'),
  ('9ec847', '5', '54', '24', 't', '034601', '2021-01-12 17:35:37.3344'),
  ('f084eb', '3', '36', '24', 't', '034601', '2021-01-12 17:35:37.3344'),
  ('b9a74d', '3', '17', '24', 't', '034601', '2021-01-12 17:35:37.3344'),
  ('e83aa3', '4', '32', '1', 't', 'a88a5e', '2021-02-15 04:56:13.2576'),
  ('5d267b', '4', '40', '1', 't', 'a88a5e', '2021-02-15 04:56:13.2576'),
  ('d5e9a6', '3', '23', '19', 'f', '9a9653', '2021-02-08 09:12:50.0832'),
  ('c8d436', '1', '10', '19', 'f', '9a9653', '2021-02-08 09:12:50.0832'),
  ('f084eb', '2', '36', '19', 'f', '9a9653', '2021-02-08 09:12:50.0832'),
  ('b9a74d', '2', '17', '19', 'f', '9a9653', '2021-02-08 09:12:50.0832'),
  ('2feb6b', '2', '29', '19', 'f', '9a9653', '2021-02-08 09:12:50.0832'),
  ('c4a632', '5', '13', '14', 'f', '1edc69', '2021-03-28 15:32:43.7856'),
  ('e83aa3', '5', '32', '14', 'f', '1edc69', '2021-03-28 15:32:43.7856'),
  ('72f5d4', '3', '19', '14', 'f', '1edc69', '2021-03-28 15:32:43.7856'),
  ('9ec847', '5', '54', '14', 'f', '1edc69', '2021-03-28 15:32:43.7856'),
  ('c8d436', '3', '10', '14', 'f', '1edc69', '2021-03-28 15:32:43.7856'),
  ('b9a74d', '4', '17', '14', 'f', '1edc69', '2021-03-28 15:32:43.7856'),
  ('e83aa3', '1', '32', '18', 'f', '638a7d', '2021-03-15 02:24:18.0576'),
  ('e31d39', '2', '10', '18', 'f', '638a7d', '2021-03-15 02:24:18.0576'),
  ('d5e9a6', '4', '23', '18', 'f', '638a7d', '2021-03-15 02:24:18.0576'),
  ('72f5d4', '3', '19', '18', 'f', '638a7d', '2021-03-15 02:24:18.0576'),
  ('9ec847', '3', '54', '18', 'f', '638a7d', '2021-03-15 02:24:18.0576'),
  ('5d267b', '2', '40', '18', 'f', '638a7d', '2021-03-15 02:24:18.0576'),
  ('c8d436', '2', '10', '18', 'f', '638a7d', '2021-03-15 02:24:18.0576'),
  ('2a2353', '3', '57', '18', 'f', '638a7d', '2021-03-15 02:24:18.0576'),
  ('b9a74d', '3', '17', '18', 'f', '638a7d', '2021-03-15 02:24:18.0576'),
  ('c4a632', '5', '13', '1', 'f', '4bdb49', '2021-03-03 04:33:15.264'),
  ('9ec847', '2', '54', '1', 'f', '4bdb49', '2021-03-03 04:33:15.264'),
  ('5d267b', '2', '40', '1', 'f', '4bdb49', '2021-03-03 04:33:15.264'),
  ('c8d436', '1', '10', '1', 'f', '4bdb49', '2021-03-03 04:33:15.264'),
  ('f084eb', '5', '36', '1', 'f', '4bdb49', '2021-03-03 04:33:15.264'),
  ('b9a74d', '3', '17', '1', 'f', '4bdb49', '2021-03-03 04:33:15.264'),
  ('2feb6b', '2', '29', '1', 'f', '4bdb49', '2021-03-03 04:33:15.264'),
  ('c4a632', '2', '13', '13', 't', '8f4908', '2021-03-24 21:30:36.2592'),
  ('e83aa3', '4', '32', '13', 't', '8f4908', '2021-03-24 21:30:36.2592'),
  ('d5e9a6', '2', '23', '13', 't', '8f4908', '2021-03-24 21:30:36.2592'),
  ('72f5d4', '3', '19', '13', 't', '8f4908', '2021-03-24 21:30:36.2592'),
  ('5d267b', '4', '40', '13', 't', '8f4908', '2021-03-24 21:30:36.2592'),
  ('f084eb', '1', '36', '13', 't', '8f4908', '2021-03-24 21:30:36.2592'),
  ('b9a74d', '5', '17', '13', 't', '8f4908', '2021-03-24 21:30:36.2592'),
  ('e31d39', '2', '10', '20', 't', '3132fb', '2021-02-11 01:59:35.2608'),
  ('d5e9a6', '1', '23', '20', 't', '3132fb', '2021-02-11 01:59:35.2608'),
  ('5d267b', '4', '40', '20', 't', '3132fb', '2021-02-11 01:59:35.2608'),
  ('2a2353', '4', '57', '20', 't', '3132fb', '2021-02-11 01:59:35.2608'),
  ('b9a74d', '1', '17', '20', 't', '3132fb', '2021-02-11 01:59:35.2608'),
  ('2feb6b', '5', '29', '20', 't', '3132fb', '2021-02-11 01:59:35.2608'),
  ('c4a632', '5', '13', '12', 't', '2cf0ed', '2021-01-24 00:59:46.2912'),
  ('e31d39', '5', '10', '12', 't', '2cf0ed', '2021-01-24 00:59:46.2912'),
  ('d5e9a6', '4', '23', '12', 't', '2cf0ed', '2021-01-24 00:59:46.2912'),
  ('2a2353', '4', '57', '12', 't', '2cf0ed', '2021-01-24 00:59:46.2912'),
  ('f084eb', '2', '36', '12', 't', '2cf0ed', '2021-01-24 00:59:46.2912'),
  ('2feb6b', '5', '29', '12', 't', '2cf0ed', '2021-01-24 00:59:46.2912'),
  ('e31d39', '5', '10', '16', 't', '9e0037', '2021-01-09 17:25:31.2384'),
  ('d5e9a6', '1', '23', '16', 't', '9e0037', '2021-01-09 17:25:31.2384'),
  ('72f5d4', '1', '19', '16', 't', '9e0037', '2021-01-09 17:25:31.2384'),
  ('f084eb', '3', '36', '16', 't', '9e0037', '2021-01-09 17:25:31.2384'),
  ('d5e9a6', '5', '23', '7', 't', 'd1a249', '2021-02-07 21:22:19.7184'),
  ('72f5d4', '4', '19', '7', 't', 'd1a249', '2021-02-07 21:22:19.7184'),
  ('9ec847', '5', '54', '7', 't', 'd1a249', '2021-02-07 21:22:19.7184'),
  ('2a2353', '3', '57', '7', 't', 'd1a249', '2021-02-07 21:22:19.7184'),
  ('2feb6b', '3', '29', '7', 't', 'd1a249', '2021-02-07 21:22:19.7184'),
  ('c4a632', '2', '13', '22', 't', 'f77cc2', '2021-02-08 12:29:27.9168'),
  ('e83aa3', '5', '32', '22', 't', 'f77cc2', '2021-02-08 12:29:27.9168'),
  ('d5e9a6', '3', '23', '22', 't', 'f77cc2', '2021-02-08 12:29:27.9168'),
  ('9ec847', '3', '54', '22', 't', 'f77cc2', '2021-02-08 12:29:27.9168'),
  ('5d267b', '3', '40', '22', 't', 'f77cc2', '2021-02-08 12:29:27.9168'),
  ('c8d436', '5', '10', '22', 't', 'f77cc2', '2021-02-08 12:29:27.9168'),
  ('2a2353', '5', '57', '22', 't', 'f77cc2', '2021-02-08 12:29:27.9168'),
  ('c4a632', '2', '13', '9', 't', '1928b1', '2021-03-25 08:47:13.2864'),
  ('e31d39', '1', '10', '9', 't', '1928b1', '2021-03-25 08:47:13.2864'),
  ('d5e9a6', '1', '23', '9', 't', '1928b1', '2021-03-25 08:47:13.2864'),
  ('9ec847', '1', '54', '9', 't', '1928b1', '2021-03-25 08:47:13.2864'),
  ('5d267b', '3', '40', '9', 't', '1928b1', '2021-03-25 08:47:13.2864'),
  ('2a2353', '4', '57', '9', 't', '1928b1', '2021-03-25 08:47:13.2864'),
  ('b9a74d', '1', '17', '9', 't', '1928b1', '2021-03-25 08:47:13.2864'),
  ('2feb6b', '5', '29', '9', 't', '1928b1', '2021-03-25 08:47:13.2864'),
  ('e83aa3', '1', '32', '5', 't', 'c228e3', '2021-02-03 00:35:29.9328'),
  ('d5e9a6', '3', '23', '5', 't', 'c228e3', '2021-02-03 00:35:29.9328'),
  ('72f5d4', '3', '19', '5', 't', 'c228e3', '2021-02-03 00:35:29.9328'),
  ('2a2353', '4', '57', '5', 't', 'c228e3', '2021-02-03 00:35:29.9328'),
  ('e31d39', '2', '10', '23', 't', '870d3b', '2021-01-20 14:29:24.6912'),
  ('9ec847', '1', '54', '23', 't', '870d3b', '2021-01-20 14:29:24.6912'),
  ('c8d436', '4', '10', '23', 't', '870d3b', '2021-01-20 14:29:24.6912'),
  ('2a2353', '3', '57', '23', 't', '870d3b', '2021-01-20 14:29:24.6912'),
  ('c4a632', '3', '13', '22', 't', '46f796', '2021-03-13 02:30:37.1808'),
  ('2a2353', '2', '57', '22', 't', '46f796', '2021-03-13 02:30:37.1808'),
  ('b9a74d', '4', '17', '22', 't', '46f796', '2021-03-13 02:30:37.1808'),
  ('d5e9a6', '5', '23', '15', 't', '24986f', '2021-01-09 03:30:35.2224'),
  ('72f5d4', '3', '19', '15', 't', '24986f', '2021-01-09 03:30:35.2224'),
  ('5d267b', '3', '40', '15', 't', '24986f', '2021-01-09 03:30:35.2224'),
  ('2a2353', '4', '57', '15', 't', '24986f', '2021-01-09 03:30:35.2224'),
  ('f084eb', '1', '36', '15', 't', '24986f', '2021-01-09 03:30:35.2224'),
  ('b9a74d', '3', '17', '15', 't', '24986f', '2021-01-09 03:30:35.2224'),
  ('e83aa3', '4', '32', '2', 't', '90e5ad', '2021-02-28 23:10:03.7344'),
  ('e31d39', '4', '10', '2', 't', '90e5ad', '2021-02-28 23:10:03.7344'),
  ('9ec847', '3', '54', '2', 't', '90e5ad', '2021-02-28 23:10:03.7344'),
  ('2a2353', '2', '57', '2', 't', '90e5ad', '2021-02-28 23:10:03.7344'),
  ('b9a74d', '1', '17', '2', 't', '90e5ad', '2021-02-28 23:10:03.7344'),
  ('c4a632', '3', '13', '10', 't', '31f568', '2021-01-13 17:48:42.9696'),
  ('e31d39', '2', '10', '10', 't', '31f568', '2021-01-13 17:48:42.9696'),
  ('72f5d4', '4', '19', '10', 't', '31f568', '2021-01-13 17:48:42.9696'),
  ('2feb6b', '4', '29', '10', 't', '31f568', '2021-01-13 17:48:42.9696'),
  ('e83aa3', '1', '32', '15', 't', 'fb6b00', '2021-02-23 17:17:16.6848'),
  ('e31d39', '4', '10', '15', 't', 'fb6b00', '2021-02-23 17:17:16.6848'),
  ('72f5d4', '3', '19', '15', 't', 'fb6b00', '2021-02-23 17:17:16.6848'),
  ('9ec847', '1', '54', '15', 't', 'fb6b00', '2021-02-23 17:17:16.6848'),
  ('5d267b', '5', '40', '15', 't', 'fb6b00', '2021-02-23 17:17:16.6848'),
  ('2a2353', '5', '57', '15', 't', 'fb6b00', '2021-02-23 17:17:16.6848'),
  ('f084eb', '4', '36', '15', 't', 'fb6b00', '2021-02-23 17:17:16.6848'),
  ('2feb6b', '5', '29', '15', 't', 'fb6b00', '2021-02-23 17:17:16.6848'),
  ('c4a632', '2', '13', '18', 't', 'cf21fe', '2021-02-18 08:32:03.408'),
  ('5d267b', '4', '40', '18', 't', 'cf21fe', '2021-02-18 08:32:03.408'),
  ('c8d436', '4', '10', '18', 't', 'cf21fe', '2021-02-18 08:32:03.408'),
  ('2feb6b', '2', '29', '18', 't', 'cf21fe', '2021-02-18 08:32:03.408'),
  ('e31d39', '1', '10', '6', 't', 'a4586a', '2021-01-29 18:42:09.6192'),
  ('d5e9a6', '3', '23', '6', 't', 'a4586a', '2021-01-29 18:42:09.6192'),
  ('c8d436', '2', '10', '6', 't', 'a4586a', '2021-01-29 18:42:09.6192'),
  ('2a2353', '5', '57', '6', 't', 'a4586a', '2021-01-29 18:42:09.6192'),
  ('f084eb', '3', '36', '6', 't', 'a4586a', '2021-01-29 18:42:09.6192'),
  ('b9a74d', '1', '17', '6', 't', 'a4586a', '2021-01-29 18:42:09.6192'),
  ('2feb6b', '2', '29', '6', 't', 'a4586a', '2021-01-29 18:42:09.6192'),
  ('c4a632', '4', '13', '16', 'f', 'dfec5f', '2021-01-18 07:30:42.0768'),
  ('e83aa3', '4', '32', '16', 'f', 'dfec5f', '2021-01-18 07:30:42.0768'),
  ('e31d39', '4', '10', '16', 'f', 'dfec5f', '2021-01-18 07:30:42.0768'),
  ('72f5d4', '4', '19', '16', 'f', 'dfec5f', '2021-01-18 07:30:42.0768'),
  ('9ec847', '3', '54', '16', 'f', 'dfec5f', '2021-01-18 07:30:42.0768'),
  ('5d267b', '1', '40', '16', 'f', 'dfec5f', '2021-01-18 07:30:42.0768'),
  ('c8d436', '2', '10', '16', 'f', 'dfec5f', '2021-01-18 07:30:42.0768'),
  ('2a2353', '4', '57', '16', 'f', 'dfec5f', '2021-01-18 07:30:42.0768'),
  ('f084eb', '5', '36', '16', 'f', 'dfec5f', '2021-01-18 07:30:42.0768'),
  ('b9a74d', '1', '17', '16', 'f', 'dfec5f', '2021-01-18 07:30:42.0768'),
  ('c4a632', '1', '13', '18', 't', '7c7e2d', '2021-02-01 22:00:00.72'),
  ('e83aa3', '1', '32', '18', 't', '7c7e2d', '2021-02-01 22:00:00.72'),
  ('e31d39', '5', '10', '18', 't', '7c7e2d', '2021-02-01 22:00:00.72'),
  ('72f5d4', '5', '19', '18', 't', '7c7e2d', '2021-02-01 22:00:00.72'),
  ('9ec847', '1', '54', '18', 't', '7c7e2d', '2021-02-01 22:00:00.72'),
  ('c8d436', '1', '10', '18', 't', '7c7e2d', '2021-02-01 22:00:00.72'),
  ('2a2353', '5', '57', '18', 't', '7c7e2d', '2021-02-01 22:00:00.72'),
  ('f084eb', '2', '36', '18', 't', '7c7e2d', '2021-02-01 22:00:00.72'),
  ('b9a74d', '5', '17', '18', 't', '7c7e2d', '2021-02-01 22:00:00.72'),
  ('e83aa3', '3', '32', '0', 't', 'b7106e', '2021-01-22 11:50:11.9616'),
  ('9ec847', '2', '54', '0', 't', 'b7106e', '2021-01-22 11:50:11.9616'),
  ('c8d436', '1', '10', '0', 't', 'b7106e', '2021-01-22 11:50:11.9616'),
  ('2a2353', '3', '57', '0', 't', 'b7106e', '2021-01-22 11:50:11.9616'),
  ('b9a74d', '4', '17', '0', 't', 'b7106e', '2021-01-22 11:50:11.9616'),
  ('9ec847', '3', '54', '6', 't', '9ae921', '2021-03-22 03:08:08.9376'),
  ('5d267b', '2', '40', '6', 't', '9ae921', '2021-03-22 03:08:08.9376'),
  ('2a2353', '2', '57', '6', 't', '9ae921', '2021-03-22 03:08:08.9376'),
  ('f084eb', '2', '36', '6', 't', '9ae921', '2021-03-22 03:08:08.9376'),
  ('b9a74d', '4', '17', '6', 't', '9ae921', '2021-03-22 03:08:08.9376'),
  ('e83aa3', '4', '32', '1', 't', '023ace', '2021-02-15 01:51:16.2144'),
  ('d5e9a6', '5', '23', '1', 't', '023ace', '2021-02-15 01:51:16.2144'),
  ('9ec847', '2', '54', '1', 't', '023ace', '2021-02-15 01:51:16.2144'),
  ('c8d436', '3', '10', '1', 't', '023ace', '2021-02-15 01:51:16.2144'),
  ('b9a74d', '2', '17', '1', 't', '023ace', '2021-02-15 01:51:16.2144'),
  ('d5e9a6', '4', '23', '22', 't', 'd7b455', '2021-01-29 13:20:29.6736'),
  ('72f5d4', '4', '19', '22', 't', 'd7b455', '2021-01-29 13:20:29.6736'),
  ('5d267b', '5', '40', '22', 't', 'd7b455', '2021-01-29 13:20:29.6736'),
  ('2a2353', '3', '57', '22', 't', 'd7b455', '2021-01-29 13:20:29.6736'),
  ('f084eb', '5', '36', '22', 't', 'd7b455', '2021-01-29 13:20:29.6736'),
  ('c4a632', '2', '13', '4', 'f', 'f16705', '2021-02-24 01:06:25.7184'),
  ('e31d39', '4', '10', '4', 'f', 'f16705', '2021-02-24 01:06:25.7184'),
  ('d5e9a6', '1', '23', '4', 'f', 'f16705', '2021-02-24 01:06:25.7184'),
  ('72f5d4', '3', '19', '4', 'f', 'f16705', '2021-02-24 01:06:25.7184'),
  ('9ec847', '2', '54', '4', 'f', 'f16705', '2021-02-24 01:06:25.7184'),
  ('b9a74d', '3', '17', '4', 'f', 'f16705', '2021-02-24 01:06:25.7184'),
  ('2feb6b', '1', '29', '4', 'f', 'f16705', '2021-02-24 01:06:25.7184'),
  ('e83aa3', '5', '32', '18', 'f', '8d2c78', '2021-03-02 01:26:50.6112'),
  ('e31d39', '1', '10', '18', 'f', '8d2c78', '2021-03-02 01:26:50.6112'),
  ('72f5d4', '2', '19', '18', 'f', '8d2c78', '2021-03-02 01:26:50.6112'),
  ('f084eb', '1', '36', '18', 'f', '8d2c78', '2021-03-02 01:26:50.6112'),
  ('d5e9a6', '3', '23', '16', 't', '28d244', '2021-02-20 06:45:03.7152'),
  ('9ec847', '2', '54', '16', 't', '28d244', '2021-02-20 06:45:03.7152'),
  ('5d267b', '1', '40', '16', 't', '28d244', '2021-02-20 06:45:03.7152'),
  ('c8d436', '4', '10', '16', 't', '28d244', '2021-02-20 06:45:03.7152'),
  ('2a2353', '4', '57', '16', 't', '28d244', '2021-02-20 06:45:03.7152'),
  ('f084eb', '3', '36', '16', 't', '28d244', '2021-02-20 06:45:03.7152'),
  ('c4a632', '4', '13', '22', 'f', 'd499f9', '2021-02-13 19:04:20.8704'),
  ('d5e9a6', '4', '23', '22', 'f', 'd499f9', '2021-02-13 19:04:20.8704'),
  ('9ec847', '3', '54', '22', 'f', 'd499f9', '2021-02-13 19:04:20.8704'),
  ('5d267b', '1', '40', '22', 'f', 'd499f9', '2021-02-13 19:04:20.8704'),
  ('c8d436', '1', '10', '22', 'f', 'd499f9', '2021-02-13 19:04:20.8704'),
  ('2a2353', '4', '57', '22', 'f', 'd499f9', '2021-02-13 19:04:20.8704'),
  ('f084eb', '5', '36', '22', 'f', 'd499f9', '2021-02-13 19:04:20.8704'),
  ('b9a74d', '2', '17', '22', 'f', 'd499f9', '2021-02-13 19:04:20.8704'),
  ('c4a632', '2', '13', '22', 't', '3fcd70', '2021-02-15 07:06:06.2784'),
  ('72f5d4', '4', '19', '22', 't', '3fcd70', '2021-02-15 07:06:06.2784'),
  ('9ec847', '5', '54', '22', 't', '3fcd70', '2021-02-15 07:06:06.2784'),
  ('f084eb', '4', '36', '22', 't', '3fcd70', '2021-02-15 07:06:06.2784'),
  ('b9a74d', '1', '17', '22', 't', '3fcd70', '2021-02-15 07:06:06.2784'),
  ('2feb6b', '2', '29', '22', 't', '3fcd70', '2021-02-15 07:06:06.2784'),
  ('e31d39', '4', '10', '23', 't', '4f6a83', '2021-02-07 16:17:00.672'),
  ('d5e9a6', '2', '23', '23', 't', '4f6a83', '2021-02-07 16:17:00.672'),
  ('9ec847', '5', '54', '23', 't', '4f6a83', '2021-02-07 16:17:00.672'),
  ('c8d436', '1', '10', '23', 't', '4f6a83', '2021-02-07 16:17:00.672'),
  ('2feb6b', '5', '29', '23', 't', '4f6a83', '2021-02-07 16:17:00.672'),
  ('c4a632', '1', '13', '19', 'f', '572c3a', '2021-01-09 23:57:29.9232'),
  ('e83aa3', '3', '32', '19', 'f', '572c3a', '2021-01-09 23:57:29.9232'),
  ('e31d39', '4', '10', '19', 'f', '572c3a', '2021-01-09 23:57:29.9232'),
  ('d5e9a6', '5', '23', '19', 'f', '572c3a', '2021-01-09 23:57:29.9232'),
  ('9ec847', '5', '54', '19', 'f', '572c3a', '2021-01-09 23:57:29.9232'),
  ('5d267b', '3', '40', '19', 'f', '572c3a', '2021-01-09 23:57:29.9232'),
  ('c8d436', '1', '10', '19', 'f', '572c3a', '2021-01-09 23:57:29.9232'),
  ('2a2353', '3', '57', '19', 'f', '572c3a', '2021-01-09 23:57:29.9232'),
  ('f084eb', '1', '36', '19', 'f', '572c3a', '2021-01-09 23:57:29.9232'),
  ('2feb6b', '1', '29', '19', 'f', '572c3a', '2021-01-09 23:57:29.9232'),
  ('c4a632', '2', '13', '12', 'f', '04970c', '2021-01-28 10:03:47.3472'),
  ('e31d39', '2', '10', '12', 'f', '04970c', '2021-01-28 10:03:47.3472'),
  ('72f5d4', '3', '19', '12', 'f', '04970c', '2021-01-28 10:03:47.3472'),
  ('9ec847', '4', '54', '12', 'f', '04970c', '2021-01-28 10:03:47.3472'),
  ('c8d436', '5', '10', '12', 'f', '04970c', '2021-01-28 10:03:47.3472'),
  ('c4a632', '3', '13', '16', 't', '8d1375', '2021-03-15 19:41:11.328'),
  ('e83aa3', '3', '32', '16', 't', '8d1375', '2021-03-15 19:41:11.328'),
  ('72f5d4', '4', '19', '16', 't', '8d1375', '2021-03-15 19:41:11.328'),
  ('5d267b', '2', '40', '16', 't', '8d1375', '2021-03-15 19:41:11.328'),
  ('c8d436', '2', '10', '16', 't', '8d1375', '2021-03-15 19:41:11.328'),
  ('2a2353', '5', '57', '16', 't', '8d1375', '2021-03-15 19:41:11.328'),
  ('f084eb', '5', '36', '16', 't', '8d1375', '2021-03-15 19:41:11.328'),
  ('2feb6b', '2', '29', '16', 't', '8d1375', '2021-03-15 19:41:11.328'),
  ('c4a632', '4', '13', '0', 'f', '95ef47', '2021-01-20 18:38:24.72'),
  ('e31d39', '3', '10', '0', 'f', '95ef47', '2021-01-20 18:38:24.72'),
  ('d5e9a6', '5', '23', '0', 'f', '95ef47', '2021-01-20 18:38:24.72'),
  ('72f5d4', '1', '19', '0', 'f', '95ef47', '2021-01-20 18:38:24.72'),
  ('9ec847', '3', '54', '0', 'f', '95ef47', '2021-01-20 18:38:24.72'),
  ('5d267b', '1', '40', '0', 'f', '95ef47', '2021-01-20 18:38:24.72'),
  ('c8d436', '3', '10', '0', 'f', '95ef47', '2021-01-20 18:38:24.72'),
  ('2a2353', '4', '57', '0', 'f', '95ef47', '2021-01-20 18:38:24.72'),
  ('b9a74d', '1', '17', '0', 'f', '95ef47', '2021-01-20 18:38:24.72'),
  ('c4a632', '2', '13', '19', 't', '9a36b3', '2021-01-24 23:26:15.4752'),
  ('e83aa3', '3', '32', '19', 't', '9a36b3', '2021-01-24 23:26:15.4752'),
  ('e31d39', '1', '10', '19', 't', '9a36b3', '2021-01-24 23:26:15.4752'),
  ('72f5d4', '1', '19', '19', 't', '9a36b3', '2021-01-24 23:26:15.4752'),
  ('9ec847', '3', '54', '19', 't', '9a36b3', '2021-01-24 23:26:15.4752'),
  ('5d267b', '5', '40', '19', 't', '9a36b3', '2021-01-24 23:26:15.4752'),
  ('c8d436', '4', '10', '19', 't', '9a36b3', '2021-01-24 23:26:15.4752'),
  ('f084eb', '1', '36', '19', 't', '9a36b3', '2021-01-24 23:26:15.4752'),
  ('b9a74d', '4', '17', '19', 't', '9a36b3', '2021-01-24 23:26:15.4752'),
  ('2feb6b', '5', '29', '19', 't', '9a36b3', '2021-01-24 23:26:15.4752'),
  ('72f5d4', '2', '19', '6', 't', '7db661', '2021-01-18 04:02:51.2736'),
  ('5d267b', '5', '40', '6', 't', '7db661', '2021-01-18 04:02:51.2736'),
  ('c8d436', '4', '10', '6', 't', '7db661', '2021-01-18 04:02:51.2736'),
  ('b9a74d', '2', '17', '6', 't', '7db661', '2021-01-18 04:02:51.2736'),
  ('c4a632', '3', '13', '17', 't', '3424ed', '2021-01-20 23:52:40.656'),
  ('e83aa3', '1', '32', '17', 't', '3424ed', '2021-01-20 23:52:40.656'),
  ('e31d39', '4', '10', '17', 't', '3424ed', '2021-01-20 23:52:40.656'),
  ('9ec847', '3', '54', '17', 't', '3424ed', '2021-01-20 23:52:40.656'),
  ('5d267b', '2', '40', '17', 't', '3424ed', '2021-01-20 23:52:40.656'),
  ('b9a74d', '4', '17', '17', 't', '3424ed', '2021-01-20 23:52:40.656'),
  ('e83aa3', '1', '32', '13', 't', '16463d', '2021-01-20 07:26:39.3792'),
  ('72f5d4', '5', '19', '13', 't', '16463d', '2021-01-20 07:26:39.3792'),
  ('9ec847', '5', '54', '13', 't', '16463d', '2021-01-20 07:26:39.3792'),
  ('5d267b', '1', '40', '13', 't', '16463d', '2021-01-20 07:26:39.3792'),
  ('2a2353', '4', '57', '13', 't', '16463d', '2021-01-20 07:26:39.3792'),
  ('b9a74d', '3', '17', '13', 't', '16463d', '2021-01-20 07:26:39.3792'),
  ('d5e9a6', '1', '23', '21', 't', '27be37', '2021-01-20 00:46:56.3808'),
  ('9ec847', '5', '54', '21', 't', '27be37', '2021-01-20 00:46:56.3808'),
  ('c8d436', '2', '10', '21', 't', '27be37', '2021-01-20 00:46:56.3808'),
  ('2a2353', '2', '57', '21', 't', '27be37', '2021-01-20 00:46:56.3808'),
  ('2feb6b', '1', '29', '21', 't', '27be37', '2021-01-20 00:46:56.3808'),
  ('c4a632', '3', '13', '2', 't', '354cfd', '2021-03-21 09:17:41.5968'),
  ('e31d39', '5', '10', '2', 't', '354cfd', '2021-03-21 09:17:41.5968'),
  ('9ec847', '5', '54', '2', 't', '354cfd', '2021-03-21 09:17:41.5968'),
  ('c8d436', '5', '10', '2', 't', '354cfd', '2021-03-21 09:17:41.5968'),
  ('2a2353', '3', '57', '2', 't', '354cfd', '2021-03-21 09:17:41.5968'),
  ('b9a74d', '1', '17', '2', 't', '354cfd', '2021-03-21 09:17:41.5968'),
  ('e83aa3', '2', '32', '21', 'f', '3c2972', '2021-02-16 09:44:37.7952'),
  ('e31d39', '5', '10', '21', 'f', '3c2972', '2021-02-16 09:44:37.7952'),
  ('d5e9a6', '3', '23', '21', 'f', '3c2972', '2021-02-16 09:44:37.7952'),
  ('72f5d4', '3', '19', '21', 'f', '3c2972', '2021-02-16 09:44:37.7952'),
  ('5d267b', '2', '40', '21', 'f', '3c2972', '2021-02-16 09:44:37.7952'),
  ('c8d436', '2', '10', '21', 'f', '3c2972', '2021-02-16 09:44:37.7952'),
  ('2a2353', '1', '57', '21', 'f', '3c2972', '2021-02-16 09:44:37.7952'),
  ('2feb6b', '3', '29', '21', 'f', '3c2972', '2021-02-16 09:44:37.7952'),
  ('e31d39', '4', '10', '4', 't', '916293', '2021-03-23 15:32:02.4'),
  ('d5e9a6', '3', '23', '4', 't', '916293', '2021-03-23 15:32:02.4'),
  ('b9a74d', '4', '17', '4', 't', '916293', '2021-03-23 15:32:02.4'),
  ('2feb6b', '4', '29', '4', 't', '916293', '2021-03-23 15:32:02.4'),
  ('e83aa3', '2', '32', '18', 't', '144b5e', '2021-01-28 21:18:24.2784'),
  ('e31d39', '2', '10', '18', 't', '144b5e', '2021-01-28 21:18:24.2784'),
  ('72f5d4', '1', '19', '18', 't', '144b5e', '2021-01-28 21:18:24.2784'),
  ('5d267b', '5', '40', '18', 't', '144b5e', '2021-01-28 21:18:24.2784'),
  ('f084eb', '1', '36', '18', 't', '144b5e', '2021-01-28 21:18:24.2784'),
  ('c4a632', '4', '13', '0', 'f', 'f4dfc4', '2021-01-24 00:02:17.808'),
  ('72f5d4', '4', '19', '0', 'f', 'f4dfc4', '2021-01-24 00:02:17.808'),
  ('5d267b', '3', '40', '0', 'f', 'f4dfc4', '2021-01-24 00:02:17.808'),
  ('2a2353', '3', '57', '0', 'f', 'f4dfc4', '2021-01-24 00:02:17.808'),
  ('c4a632', '5', '13', '12', 't', 'f84e54', '2021-02-23 17:24:05.9616'),
  ('e83aa3', '4', '32', '12', 't', 'f84e54', '2021-02-23 17:24:05.9616'),
  ('d5e9a6', '3', '23', '12', 't', 'f84e54', '2021-02-23 17:24:05.9616'),
  ('9ec847', '3', '54', '12', 't', 'f84e54', '2021-02-23 17:24:05.9616'),
  ('5d267b', '5', '40', '12', 't', 'f84e54', '2021-02-23 17:24:05.9616'),
  ('f084eb', '4', '36', '12', 't', 'f84e54', '2021-02-23 17:24:05.9616'),
  ('2feb6b', '2', '29', '12', 't', 'f84e54', '2021-02-23 17:24:05.9616'),
  ('c4a632', '2', '13', '8', 't', '76dbcb', '2021-03-02 14:48:39.6'),
  ('e83aa3', '1', '32', '8', 't', '76dbcb', '2021-03-02 14:48:39.6'),
  ('e31d39', '1', '10', '8', 't', '76dbcb', '2021-03-02 14:48:39.6'),
  ('72f5d4', '3', '19', '8', 't', '76dbcb', '2021-03-02 14:48:39.6'),
  ('c8d436', '1', '10', '8', 't', '76dbcb', '2021-03-02 14:48:39.6'),
  ('2a2353', '4', '57', '8', 't', '76dbcb', '2021-03-02 14:48:39.6'),
  ('f084eb', '5', '36', '8', 't', '76dbcb', '2021-03-02 14:48:39.6'),
  ('c4a632', '5', '13', '8', 'f', '2178e8', '2021-01-05 05:49:36.5376'),
  ('e83aa3', '1', '32', '8', 'f', '2178e8', '2021-01-05 05:49:36.5376'),
  ('72f5d4', '5', '19', '8', 'f', '2178e8', '2021-01-05 05:49:36.5376'),
  ('5d267b', '3', '40', '8', 'f', '2178e8', '2021-01-05 05:49:36.5376'),
  ('c8d436', '5', '10', '8', 'f', '2178e8', '2021-01-05 05:49:36.5376'),
  ('f084eb', '2', '36', '8', 'f', '2178e8', '2021-01-05 05:49:36.5376'),
  ('b9a74d', '5', '17', '8', 'f', '2178e8', '2021-01-05 05:49:36.5376'),
  ('c4a632', '2', '13', '14', 'f', 'fe3190', '2021-02-16 00:44:46.608'),
  ('d5e9a6', '4', '23', '14', 'f', 'fe3190', '2021-02-16 00:44:46.608'),
  ('72f5d4', '4', '19', '14', 'f', 'fe3190', '2021-02-16 00:44:46.608'),
  ('e83aa3', '3', '32', '3', 'f', '69cc4a', '2021-02-12 22:37:54.4224'),
  ('9ec847', '5', '54', '3', 'f', '69cc4a', '2021-02-12 22:37:54.4224'),
  ('2a2353', '4', '57', '3', 'f', '69cc4a', '2021-02-12 22:37:54.4224'),
  ('b9a74d', '2', '17', '3', 'f', '69cc4a', '2021-02-12 22:37:54.4224'),
  ('e31d39', '2', '10', '3', 'f', 'b4fca1', '2021-01-05 13:31:53.7888'),
  ('72f5d4', '2', '19', '3', 'f', 'b4fca1', '2021-01-05 13:31:53.7888'),
  ('9ec847', '3', '54', '3', 'f', 'b4fca1', '2021-01-05 13:31:53.7888'),
  ('5d267b', '5', '40', '3', 'f', 'b4fca1', '2021-01-05 13:31:53.7888'),
  ('2feb6b', '2', '29', '3', 'f', 'b4fca1', '2021-01-05 13:31:53.7888'),
  ('c4a632', '1', '13', '19', 't', '10c67b', '2021-01-23 22:53:45.8592'),
  ('e83aa3', '3', '32', '19', 't', '10c67b', '2021-01-23 22:53:45.8592'),
  ('e31d39', '3', '10', '19', 't', '10c67b', '2021-01-23 22:53:45.8592'),
  ('9ec847', '3', '54', '19', 't', '10c67b', '2021-01-23 22:53:45.8592'),
  ('5d267b', '3', '40', '19', 't', '10c67b', '2021-01-23 22:53:45.8592'),
  ('c8d436', '5', '10', '19', 't', '10c67b', '2021-01-23 22:53:45.8592'),
  ('2a2353', '3', '57', '19', 't', '10c67b', '2021-01-23 22:53:45.8592'),
  ('f084eb', '5', '36', '19', 't', '10c67b', '2021-01-23 22:53:45.8592'),
  ('2feb6b', '3', '29', '19', 't', '10c67b', '2021-01-23 22:53:45.8592'),
  ('c4a632', '5', '13', '11', 'f', '3f69da', '2021-02-19 10:52:59.0304'),
  ('e83aa3', '2', '32', '11', 'f', '3f69da', '2021-02-19 10:52:59.0304'),
  ('e31d39', '3', '10', '11', 'f', '3f69da', '2021-02-19 10:52:59.0304'),
  ('9ec847', '2', '54', '11', 'f', '3f69da', '2021-02-19 10:52:59.0304'),
  ('5d267b', '2', '40', '11', 'f', '3f69da', '2021-02-19 10:52:59.0304'),
  ('c8d436', '1', '10', '11', 'f', '3f69da', '2021-02-19 10:52:59.0304'),
  ('f084eb', '3', '36', '11', 'f', '3f69da', '2021-02-19 10:52:59.0304'),
  ('2feb6b', '3', '29', '11', 'f', '3f69da', '2021-02-19 10:52:59.0304'),
  ('e83aa3', '5', '32', '14', 'f', '3e9cd2', '2021-03-29 03:24:10.0512'),
  ('d5e9a6', '4', '23', '14', 'f', '3e9cd2', '2021-03-29 03:24:10.0512'),
  ('9ec847', '4', '54', '14', 'f', '3e9cd2', '2021-03-29 03:24:10.0512'),
  ('5d267b', '3', '40', '14', 'f', '3e9cd2', '2021-03-29 03:24:10.0512'),
  ('2a2353', '2', '57', '14', 'f', '3e9cd2', '2021-03-29 03:24:10.0512'),
  ('b9a74d', '1', '17', '14', 'f', '3e9cd2', '2021-03-29 03:24:10.0512'),
  ('e83aa3', '5', '32', '16', 'f', '2c7ec0', '2021-01-23 13:31:34.5216'),
  ('d5e9a6', '2', '23', '16', 'f', '2c7ec0', '2021-01-23 13:31:34.5216'),
  ('9ec847', '3', '54', '16', 'f', '2c7ec0', '2021-01-23 13:31:34.5216'),
  ('5d267b', '1', '40', '16', 'f', '2c7ec0', '2021-01-23 13:31:34.5216'),
  ('c8d436', '5', '10', '16', 'f', '2c7ec0', '2021-01-23 13:31:34.5216'),
  ('f084eb', '4', '36', '16', 'f', '2c7ec0', '2021-01-23 13:31:34.5216'),
  ('2feb6b', '3', '29', '16', 'f', '2c7ec0', '2021-01-23 13:31:34.5216'),
  ('c4a632', '1', '13', '12', 't', '38368f', '2021-03-18 13:55:57.6192'),
  ('e83aa3', '5', '32', '12', 't', '38368f', '2021-03-18 13:55:57.6192'),
  ('d5e9a6', '5', '23', '12', 't', '38368f', '2021-03-18 13:55:57.6192'),
  ('9ec847', '1', '54', '12', 't', '38368f', '2021-03-18 13:55:57.6192'),
  ('2feb6b', '2', '29', '12', 't', '38368f', '2021-03-18 13:55:57.6192'),
  ('e83aa3', '1', '32', '2', 't', '4c5f21', '2021-02-25 14:01:20.3232'),
  ('e31d39', '4', '10', '2', 't', '4c5f21', '2021-02-25 14:01:20.3232'),
  ('d5e9a6', '1', '23', '2', 't', '4c5f21', '2021-02-25 14:01:20.3232'),
  ('72f5d4', '5', '19', '2', 't', '4c5f21', '2021-02-25 14:01:20.3232'),
  ('c8d436', '3', '10', '2', 't', '4c5f21', '2021-02-25 14:01:20.3232'),
  ('f084eb', '5', '36', '2', 't', '4c5f21', '2021-02-25 14:01:20.3232'),
  ('b9a74d', '1', '17', '2', 't', '4c5f21', '2021-02-25 14:01:20.3232'),

--What was the total quantity sold for all products?

SELECT 
  product.product_name, 
  SUM(sales.qty) AS total_quantity
FROM balanced_tree.sales
INNER JOIN balanced_tree.product_details AS product
	ON sales.prod_id = product.product_id
GROUP BY product.product_name;

--What is the total generated revenue for all products before discounts?

SELECT 
  product.product_name, 
  SUM(sales.qty) * SUM(sales.price) AS total_revenue
FROM balanced_tree.sales
INNER JOIN balanced_tree.product_details AS product
	ON sales.prod_id = product.product_id
GROUP BY product.product_name;

--What was the total discount amount for all products?

SELECT 
  product.product_name, 
  SUM(sales.qty * sales.price * sales.discount/100) AS total_discount
FROM balanced_tree.sales
INNER JOIN balanced_tree.product_details AS product
	ON sales.prod_id = product.product_id
GROUP BY product.product_name;

--How many unique transactions were there?

SELECT COUNT(DISTINCT txn_id) AS transaction_count
FROM balanced_tree.sales;

--What is the average unique products purchased in each transaction?

SELECT ROUND(AVG(total_quantity)) AS avg_unique_products
FROM (
  SELECT 
    txn_id, 
    SUM(qty) AS total_quantity
  FROM balanced_tree.sales
  GROUP BY txn_id
) AS total_quantities;


--What are the top 3 products by total revenue before discount?

SELECT 
  product.product_id,
  product.product_name, 
  SUM(sales.qty) * SUM(sales.price) AS total_revenue
FROM balanced_tree.sales
INNER JOIN balanced_tree.product_details AS product
	ON sales.prod_id = product.product_id
GROUP BY product.product_id, product.product_name
ORDER BY total_revenue DESC
LIMIT 3;

--What is the total quantity, revenue and discount for each segment?

SELECT 
  product.segment_id,
  product.segment_name, 
  SUM(sales.qty) AS total_quantity,
  SUM(sales.qty * sales.price) AS total_revenue,
  SUM((sales.qty * sales.price) * sales.discount/100) AS total_discount
FROM balanced_tree.sales
INNER JOIN balanced_tree.product_details AS product
	ON sales.prod_id = product.product_id
GROUP BY product.segment_id, product.segment_name;


--What is the total quantity, revenue and discount for each category?

SELECT 
  product.category_id,
  product.category_name, 
  SUM(sales.qty) AS total_quantity,
  SUM(sales.qty * sales.price) AS total_revenue,
  SUM((sales.qty * sales.price) * sales.discount/100) AS total_discount
FROM balanced_tree.sales
INNER JOIN balanced_tree.product_details AS product
	ON sales.prod_id = product.product_id
GROUP BY product.category_id, product.category_name
ORDER BY product.category_id;

