CREATE SCHEMA clique_bait;

CREATE TABLE clique_bait.event_identifier (
  "event_type" INTEGER,
  "event_name" VARCHAR(13)
);

INSERT INTO clique_bait.event_identifier
  ("event_type", "event_name")
VALUES
  ('1', 'Page View'),
  ('2', 'Add to Cart'),
  ('3', 'Purchase'),
  ('4', 'Ad Impression'),
  ('5', 'Ad Click');

CREATE TABLE clique_bait.campaign_identifier (
  "campaign_id" INTEGER,
  "products" VARCHAR(3),
  "campaign_name" VARCHAR(33),
  "start_date" TIMESTAMP,
  "end_date" TIMESTAMP
);

INSERT INTO clique_bait.campaign_identifier
  ("campaign_id", "products", "campaign_name", "start_date", "end_date")
VALUES
  ('1', '1-3', 'BOGOF - Fishing For Compliments', '2020-01-01', '2020-01-14'),
  ('2', '4-5', '25% Off - Living The Lux Life', '2020-01-15', '2020-01-28'),
  ('3', '6-8', 'Half Off - Treat Your Shellf(ish)', '2020-02-01', '2020-03-31');

CREATE TABLE clique_bait.page_hierarchy (
  "page_id" INTEGER,
  "page_name" VARCHAR(14),
  "product_category" VARCHAR(9),
  "product_id" INTEGER
);

INSERT INTO clique_bait.page_hierarchy
  ("page_id", "page_name", "product_category", "product_id")
VALUES
  ('1', 'Home Page', null, null),
  ('2', 'All Products', null, null),
  ('3', 'Salmon', 'Fish', '1'),
  ('4', 'Kingfish', 'Fish', '2'),
  ('5', 'Tuna', 'Fish', '3'),
  ('6', 'Russian Caviar', 'Luxury', '4'),
  ('7', 'Black Truffle', 'Luxury', '5'),
  ('8', 'Abalone', 'Shellfish', '6'),
  ('9', 'Lobster', 'Shellfish', '7'),
  ('10', 'Crab', 'Shellfish', '8'),
  ('11', 'Oyster', 'Shellfish', '9'),
  ('12', 'Checkout', null, null),
  ('13', 'Confirmation', null, null);

CREATE TABLE clique_bait.users (
  "user_id" INTEGER,
  "cookie_id" VARCHAR(6),
  "start_date" TIMESTAMP
);

INSERT INTO clique_bait.users
  ("user_id", "cookie_id", "start_date")
VALUES
  ('1', 'c4ca42', '2020-02-04'),
  ('2', 'c81e72', '2020-01-18'),
  ('3', 'eccbc8', '2020-02-21'),
  ('4', 'a87ff6', '2020-02-22'),
  ('5', 'e4da3b', '2020-02-01'),
  ('6', '167909', '2020-01-25'),
  ('7', '8f14e4', '2020-02-09'),
  ('8', 'c9f0f8', '2020-02-12'),
  ('9', '45c48c', '2020-02-07'),
  ('10', 'd3d944', '2020-01-23'),
  ('11', '6512bd', '2020-01-17'),
  ('12', 'c20ad4', '2020-02-06'),
  ('13', 'c51ce4', '2020-02-12'),
  ('14', 'aab323', '2020-01-12'),
  ('15', '9bf31c', '2020-01-28'),
  ('16', 'c74d97', '2020-01-06'),
  ('17', '70efdf', '2020-02-17'),
  ('18', '6f4922', '2020-02-29'),
  ('19', '1f0e3d', '2020-02-11'),
  ('20', '98f137', '2020-02-12'),
  ('21', '3c59dc', '2020-02-14'),
  ('22', 'b6d767', '2020-02-08'),
  ('23', '37693c', '2020-01-16'),
  ('24', '1ff1de', '2020-01-23'),
  ('25', '8e296a', '2020-01-08'),
  ('26', '4e732c', '2020-01-26'),
  ('27', '02e74f', '2020-01-31'),
  ('28', '33e75f', '2020-02-29'),
  ('29', '6ea9ab', '2020-01-10'),
  ('30', '34173c', '2020-02-02'),
  ('31', 'c16a53', '2020-02-13'),
  ('32', '6364d3', '2020-02-17'),
  ('33', '182be0', '2020-02-03'),
  ('34', 'e36985', '2020-02-24'),
  ('35', '1c383c', '2020-01-22'),
  ('36', '19ca14', '2020-02-14'),
  ('37', 'a5bfc9', '2020-02-03'),
  ('38', 'a5771b', '2020-01-28'),
  ('39', 'd67d8a', '2020-01-13'),
  ('40', 'd64592', '2020-02-07'),
  ('41', '3416a7', '2020-01-09'),
  ('42', 'a1d0c6', '2020-02-29'),
  ('43', '17e621', '2020-02-22'),
  ('44', 'f71771', '2020-01-08'),
  ('45', '6c8349', '2020-02-09'),
  ('46', 'd9d4f4', '2020-01-25'),
  ('47', '67c6a1', '2020-02-20'),
  ('48', '642e92', '2020-02-21'),
  ('49', 'f457c5', '2020-01-07'),
  ('50', 'c0c7c7', '2020-02-13'),
  ('51', '283802', '2020-01-04'),
  ('52', '9a1158', '2020-02-19'),
  ('53', 'd82c8d', '2020-02-06'),
  ('54', 'a684ec', '2020-01-30'),
  ('55', 'b53b3a', '2020-01-26'),
  ('56', '9f6140', '2020-02-24'),
  ('57', '72b32a', '2020-01-06'),
  ('58', '66f041', '2020-01-26'),
  ('59', '093f65', '2020-01-31'),
  ('60', '072b03', '2020-01-19'),
  ('61', '7f39f8', '2020-02-06'),
  ('62', '44f683', '2020-02-04'),
  ('63', '03afdb', '2020-02-21'),
  ('64', 'ea5d2f', '2020-01-29'),
  ('65', 'fc490c', '2020-01-15'),
  ('66', '3295c7', '2020-01-13'),
  ('67', '735b90', '2020-02-16'),
  ('68', 'a3f390', '2020-01-07'),
  ('69', '14bfa6', '2020-01-02'),
  ('70', '7cbbc4', '2020-01-04'),
  ('71', 'e2c420', '2020-02-03'),
  ('72', '32bb90', '2020-01-13'),
  ('73', 'd2ddea', '2020-02-13'),
  ('74', 'ad61ab', '2020-02-11'),
  ('75', 'd09bf4', '2020-01-19'),
  ('76', 'fbd793', '2020-02-26'),
  ('77', '28dd2c', '2020-01-14'),
  ('78', '35f4a8', '2020-01-15'),
  ('79', 'd1fe17', '2020-02-11'),
  ('80', 'f033ab', '2020-01-22'),
  ('81', '43ec51', '2020-02-26'),
  ('82', '9778d5', '2020-01-12'),
  ('83', 'fe9fc2', '2020-02-28'),
  ('84', '68d30a', '2020-02-23'),
  ('85', '3ef815', '2020-02-14'),
  ('86', '93db85', '2020-01-13'),
  ('87', 'c7e124', '2020-01-15'),
  ('88', '2a38a4', '2020-01-19'),
  ('89', '764796', '2020-01-07'),
  ('90', '861398', '2020-02-17'),
  ('91', '54229a', '2020-01-09'),
  ('92', '92cc22', '2020-02-12'),
  ('93', '98dce8', '2020-01-15'),
  ('94', 'f4b9ec', '2020-02-19'),
  ('95', '812b4b', '2020-02-08'),
  ('96', '26657d', '2020-01-18'),
  ('97', 'e2ef52', '2020-01-20'),
  ('98', 'ed3d2c', '2020-01-11'),
  ('99', 'ac627a', '2020-02-22'),
  ('100', 'f89913', '2020-01-19'),
  ('101', '38b3ef', '2020-02-28'),
  ('102', 'ec8956', '2020-01-23'),
  ('103', '6974ce', '2020-01-12'),
  ('104', 'c9e107', '2020-02-18'),
  ('105', '65b9ee', '2020-02-21'),
  ('106', 'f0935e', '2020-02-23'),
  ('107', 'a97da6', '2020-01-19'),
  ('108', 'a3c65c', '2020-02-02'),
  ('109', '2723d0', '2020-01-02'),
  ('110', '5f93f9', '2020-02-22'),
  ('111', '698d51', '2020-02-09'),
  ('112', '7f6ffa', '2020-01-28'),
  ('113', '73278a', '2020-02-17'),
  ('114', '5fd0b3', '2020-01-29'),
  ('115', '2b4492', '2020-01-13'),
  ('116', 'c45147', '2020-02-08'),
  ('117', 'eb160d', '2020-01-03'),
  ('118', '5ef059', '2020-01-18'),
  ('119', '07e1cd', '2020-02-08'),
  ('120', 'da4fb5', '2020-02-13'),
  ('121', '4c56ff', '2020-01-07'),
  ('122', 'a0a080', '2020-01-07'),
  ('123', '202cb9', '2020-02-14'),
  ('124', 'c8ffe9', '2020-01-01'),
  ('125', '3def18', '2020-02-01'),
  ('126', '069059', '2020-01-13'),
  ('127', 'ec5dec', '2020-01-04'),
  ('128', '76dc61', '2020-02-14'),
  ('129', 'd1f491', '2020-01-24'),
  ('130', '9b8619', '2020-02-19'),
  ('131', '1afa34', '2020-02-01'),
  ('132', '65ded5', '2020-01-27'),
  ('133', '9fc3d7', '2020-01-03'),
  ('134', '02522a', '2020-02-26'),
  ('135', '7f1de2', '2020-02-10'),
  ('136', '42a0e1', '2020-01-14'),
  ('137', '3988c7', '2020-02-06'),
  ('138', '013d40', '2020-01-03'),
  ('139', 'e00da0', '2020-02-13'),
  ('140', '138597', '2020-01-28'),
  ('141', '0f28b5', '2020-02-25'),
  ('142', 'a8baa5', '2020-02-11'),
  ('143', '903ce9', '2020-01-17'),
  ('144', '0a09c8', '2020-02-01'),
  ('145', '2b24d4', '2020-01-22'),
  ('146', 'a5e001', '2020-01-01'),
  ('147', '8d5e95', '2020-02-05'),
  ('148', '47d1e9', '2020-02-03'),
  ('149', 'f22170', '2020-01-19'),
  ('150', '7ef605', '2020-02-12'),
  ('151', 'a8f15e', '2020-02-03'),
  ('152', '37a749', '2020-02-27'),
  ('153', 'b3e3e3', '2020-02-18'),
  ('154', '1d7f7a', '2020-01-30'),
  ('155', '2a79ea', '2020-01-05'),
  ('156', '1c9ac0', '2020-01-24'),
  ('157', '6c4b76', '2020-01-28'),
  ('158', '064096', '2020-01-29'),
  ('159', '140f69', '2020-01-02'),
  ('160', 'b73ce3', '2020-01-31'),
  ('161', 'bd4c9a', '2020-02-08'),
  ('162', '82aa4b', '2020-02-02'),
  ('163', '0777d5', '2020-01-14'),
  ('164', 'fa7cdf', '2020-02-21'),
  ('165', '976652', '2020-02-04'),
  ('166', '7e7757', '2020-02-23'),
  ('167', '5878a7', '2020-01-10'),
  ('168', '006f52', '2020-01-03'),
  ('169', '363663', '2020-01-16'),
  ('170', '149e96', '2020-02-26'),
  ('171', 'a4a042', '2020-01-10'),
  ('172', '1ff8a7', '2020-02-04'),
  ('173', 'f7e6c8', '2020-01-02'),
  ('174', 'bf8229', '2020-02-05'),
  ('175', '821612', '2020-02-20'),
  ('176', '38af86', '2020-01-06'),
  ('177', '96da2f', '2020-02-20'),
  ('178', '8f8551', '2020-02-16'),
  ('179', '8f5329', '2020-02-15'),
  ('180', '045117', '2020-01-24'),
  ('181', 'fc2213', '2020-01-06'),
  ('182', '4c5bde', '2020-01-22'),
  ('183', 'cedebb', '2020-02-20'),
  ('184', '6cdd60', '2020-01-31'),
  ('185', 'eecca5', '2020-01-24'),
  ('186', '9872ed', '2020-02-20'),
  ('187', '31fefc', '2020-01-05'),
  ('188', '9dcb88', '2020-02-23'),
  ('189', 'a2557a', '2020-02-11'),
  ('190', 'cfecdb', '2020-01-04'),
  ('191', '0aa188', '2020-02-21'),
  ('192', '58a2fc', '2020-02-12'),
  ('193', 'bd686f', '2020-02-19'),
  ('194', 'a597e5', '2020-02-15'),
  ('195', '0336dc', '2020-01-02'),
  ('196', '084b6f', '2020-02-09'),
  ('197', '85d8ce', '2020-01-24'),
  ('198', '0e6597', '2020-01-03'),
  ('199', '84d9ee', '2020-02-17'),
  ('200', '3644a6', '2020-01-02'),
  ('201', '757b50', '2020-01-24'),
  ('202', '854d6f', '2020-02-10'),
  ('203', 'e2c0be', '2020-02-28'),
  ('204', '274ad4', '2020-01-12'),
  ('205', 'eae27d', '2020-01-02'),
  ('206', '7eabe3', '2020-01-04'),
  ('207', '69adc1', '2020-01-28'),
  ('208', '091d58', '2020-01-30'),
  ('209', 'b1d10e', '2020-02-23'),
  ('210', '6f3ef7', '2020-02-23'),
  ('211', 'eb1637', '2020-01-22'),
  ('212', '1534b7', '2020-01-08'),
  ('213', '979d47', '2020-01-18'),
  ('214', 'ca46c1', '2020-01-26'),
  ('215', '3b8a61', '2020-01-18'),
  ('216', '45fbc6', '2020-02-28'),
  ('217', '63dc7e', '2020-01-10'),
  ('218', 'e96ed4', '2020-01-14'),
  ('219', 'c0e190', '2020-01-18'),
  ('220', 'ec8ce6', '2020-01-26'),
  ('221', '060ad9', '2020-02-07'),
  ('222', 'bcbe33', '2020-02-18'),
  ('223', '115f89', '2020-02-26'),
  ('224', '13fe9d', '2020-01-18'),
  ('225', 'd1c38a', '2020-01-20'),
  ('226', '9cfdf1', '2020-01-06'),
  ('227', '705f21', '2020-01-13'),
  ('228', '74db12', '2020-01-28'),
  ('229', '57aeee', '2020-01-23'),
  ('230', '6da900', '2020-01-22'),
  ('231', '9b04d1', '2020-02-02'),
  ('232', 'be83ab', '2020-01-17'),
  ('233', 'e16542', '2020-01-06'),
  ('234', '289dff', '2020-02-24'),
  ('235', '577ef1', '2020-01-20'),
  ('236', '01161a', '2020-02-21'),
  ('237', '539fd5', '2020-02-27'),
  ('238', 'ac1dd2', '2020-01-08'),
  ('239', '555d67', '2020-01-30'),
  ('240', '335f53', '2020-02-03'),
  ('241', 'f340f1', '2020-02-14'),
  ('242', 'e4a622', '2020-01-03'),
  ('243', 'cb70ab', '2020-01-21'),
  ('244', '918890', '2020-01-22'),
  ('245', '0266e3', '2020-01-02'),
  ('246', '38db3a', '2020-02-09'),
  ('247', '3cec07', '2020-01-19'),
  ('248', '621bf6', '2020-02-04'),
  ('249', '077e29', '2020-01-28'),
  ('250', '6c9882', '2020-02-07'),
  ('251', '19f3cd', '2020-02-04'),
  ('252', '03c6b0', '2020-01-13'),
  ('253', 'c24cd7', '2020-02-11'),
  ('254', 'c52f1b', '2020-02-24'),
  ('255', 'fe131d', '2020-01-05'),
  ('256', 'f71849', '2020-02-26'),
  ('257', 'd96409', '2020-02-01'),
  ('258', '502e4a', '2020-02-14'),
  ('259', 'cfa086', '2020-01-27'),
  ('260', 'a4f236', '2020-01-08'),
  ('261', 'b1a59b', '2020-02-13'),
  ('262', '36660e', '2020-01-31'),
  ('263', '8c19f5', '2020-02-23'),
  ('264', 'd6baf6', '2020-02-05'),
  ('265', 'e56954', '2020-02-10'),
  ('266', 'f76640', '2020-02-20'),
  ('267', 'eda80a', '2020-02-08'),
  ('268', '8f121c', '2020-02-23'),
  ('269', '06138b', '2020-01-27'),
  ('270', '390597', '2020-02-25'),
  ('271', '7f100b', '2020-01-02'),
  ('272', '7a614f', '2020-01-24'),
  ('273', '4734ba', '2020-01-08'),
  ('274', 'd947bf', '2020-01-21'),
  ('275', '63923f', '2020-01-02'),
  ('276', 'db8e1a', '2020-02-26'),
  ('277', '20f075', '2020-01-18'),
  ('278', '07cdfd', '2020-02-07'),
  ('279', 'd39577', '2020-02-20'),
  ('280', '92c8c9', '2020-02-27'),
  ('281', 'e3796a', '2020-01-23'),
  ('282', '6a9aed', '2020-02-13'),
  ('283', '0f49c8', '2020-02-04'),
  ('284', '46ba9f', '2020-02-25'),
  ('285', '0e0193', '2020-02-11'),
  ('286', '16a5cd', '2020-02-11'),
  ('287', '918317', '2020-01-20'),
  ('288', '48aedb', '2020-01-11'),
  ('289', '839ab4', '2020-01-18'),
  ('290', 'f90f2a', '2020-01-19'),
  ('291', '9c838d', '2020-02-08'),
  ('292', '170000', '2020-02-25'),
  ('293', '53c3bc', '2020-01-09'),
  ('294', '688396', '2020-02-04'),
  ('295', '49182f', '2020-02-28'),
  ('296', 'd296c1', '2020-01-31'),
  ('297', '9fd818', '2020-02-01'),
  ('298', '26e359', '2020-01-27'),
  ('299', 'ef0d39', '2020-01-08'),
  ('300', '94f6d7', '2020-02-22'),
  ('301', '34ed06', '2020-01-03'),
  ('302', '577bcc', '2020-01-21'),
  ('303', '11b984', '2020-01-04'),
  ('304', '37bc2f', '2020-01-19'),
  ('305', '496e05', '2020-01-16'),
  ('306', 'b2eb73', '2020-02-25'),
  ('307', '8e98d8', '2020-02-29'),
  ('308', 'a8c88a', '2020-01-13'),
  ('309', 'eddea8', '2020-02-19'),
  ('310', '06eb61', '2020-02-17'),
  ('311', '9dfcd5', '2020-02-20'),
  ('312', '950a41', '2020-01-10'),
  ('313', '158f30', '2020-02-15'),
  ('314', '758874', '2020-01-14'),
  ('315', 'ad13a2', '2020-01-15'),
  ('316', '3fe94a', '2020-01-10'),
  ('317', '5b8add', '2020-01-25'),
  ('318', '432aca', '2020-02-12'),
  ('319', '8d3bba', '2020-01-29'),
  ('320', '320722', '2020-02-23'),
  ('321', 'caf1a3', '2020-02-10'),
  ('322', '5737c6', '2020-02-27'),
  ('323', 'bc6dc4', '2020-01-15'),
  ('324', 'f2fc99', '2020-02-02'),
  ('325', '89f0fd', '2020-01-29'),
  ('326', 'a66658', '2020-01-02'),
  ('327', 'b83aac', '2020-02-07'),
  ('328', 'cd0069', '2020-02-08'),
  ('329', '6faa80', '2020-02-01'),
  ('330', 'fe73f6', '2020-01-28'),
  ('331', '6da37d', '2020-02-08'),
  ('332', 'c042f4', '2020-02-04'),
  ('333', '310dcb', '2020-01-22'),
  ('334', '2f2b26', '2020-01-09'),
  ('335', 'f9b902', '2020-01-30'),
  ('336', '685545', '2020-02-12'),
  ('337', '357a6f', '2020-02-04'),
  ('338', '819f46', '2020-01-03'),
  ('339', '040259', '2020-02-18'),
  ('340', '40008b', '2020-01-25'),
  ('341', '3dd48a', '2020-02-13'),
  ('342', '58238e', '2020-02-10'),
  ('343', '3ad7c2', '2020-02-29'),
  ('344', 'b3967a', '2020-02-21'),
  ('345', 'd81f9c', '2020-01-08'),
  ('346', '13f989', '2020-01-08'),
  ('347', 'c5ff25', '2020-01-22'),
  ('348', '01386b', '2020-02-05'),
  ('349', '0bb4ae', '2020-01-11'),
  ('350', '9de6d1', '2020-02-06'),
  ('351', 'efe937', '2020-02-18'),
  ('352', '371bce', '2020-01-04'),
  ('353', '138bb0', '2020-02-17'),
  ('354', '8dd48d', '2020-02-28'),
  ('355', '82cec9', '2020-01-23'),
  ('356', '6c524f', '2020-01-28'),
  ('357', 'fb7b9f', '2020-01-30'),
  ('358', 'aa942a', '2020-02-17'),
  ('359', 'c058f5', '2020-02-18'),
  ('360', 'e7b24b', '2020-02-04'),
  ('361', '52720e', '2020-01-26'),
  ('362', 'c3e878', '2020-01-30'),
  ('363', '004114', '2020-02-12'),
  ('364', 'bac916', '2020-01-06'),
  ('365', '9be40c', '2020-01-06'),
  ('366', '5ef698', '2020-01-14'),
  ('367', '05049e', '2020-02-16'),
  ('368', 'cf004f', '2020-01-17'),
  ('369', '0c74b7', '2020-02-12'),
  ('370', 'd709f3', '2020-02-26'),
  ('371', '41f1f1', '2020-02-16'),
  ('372', '24b16f', '2020-02-15'),
  ('373', 'ffd52f', '2020-01-24'),
  ('374', 'ad972f', '2020-02-16'),
  ('375', 'f61d69', '2020-01-03'),
  ('376', '142949', '2020-02-08'),
  ('377', 'd34ab1', '2020-02-18'),
  ('378', '8bf121', '2020-01-25'),
  ('379', 'a02ffd', '2020-01-01'),
  ('380', 'bca82e', '2020-01-29'),
  ('381', '00ec53', '2020-02-14'),
  ('382', '4f6ffe', '2020-01-19'),
  ('383', 'beed13', '2020-02-15'),
  ('384', '0584ce', '2020-01-03'),
  ('385', 'dc912a', '2020-02-29'),
  ('386', '39461a', '2020-02-04'),
  ('387', '8efb10', '2020-01-18'),
  ('388', 'd9fc5b', '2020-01-17'),
  ('389', 'c86a7e', '2020-01-02'),
  ('390', 'a01a03', '2020-01-28'),
  ('391', '5a4b25', '2020-01-01'),
  ('392', 'f73b76', '2020-01-07'),
  ('393', '70c639', '2020-02-24'),
  ('394', '28f0b8', '2020-01-03'),
  ('395', '154384', '2020-02-18'),
  ('396', 'f8c1f2', '2020-01-18'),
  ('397', 'e46de7', '2020-02-25'),
  ('398', 'b7b16e', '2020-01-23'),
  ('399', '352fe2', '2020-02-08'),
  ('400', '18d804', '2020-02-24'),
  ('401', '816b11', '2020-01-02'),
  ('402', '69cb3e', '2020-01-09'),
  ('403', 'bbf94b', '2020-01-12'),
  ('404', '4f4adc', '2020-02-03'),
  ('405', 'bbcbff', '2020-01-06'),
  ('406', '8cb22b', '2020-02-02'),
  ('407', 'f4f6dc', '2020-01-17'),
  ('408', '0d0fd7', '2020-02-15'),
  ('409', 'a96b65', '2020-02-27'),
  ('410', '1068c6', '2020-02-20'),
  ('411', '17d63b', '2020-02-22'),
  ('412', 'b9228e', '2020-02-21'),
  ('413', '0deb1c', '2020-01-06'),
  ('414', '66808e', '2020-02-29'),
  ('415', '42e7aa', '2020-02-14'),
  ('416', '8fe009', '2020-02-24'),
  ('417', '41ae36', '2020-02-25'),
  ('418', 'd1f255', '2020-01-19'),
  ('419', '7eacb5', '2020-02-13'),
  ('420', 'b6f047', '2020-01-25'),
  ('421', 'e0c641', '2020-01-14'),
  ('422', 'f85454', '2020-02-22'),
  ('423', 'faa9af', '2020-02-29'),
  ('424', '3c7781', '2020-01-06'),
  ('425', '25b282', '2020-02-14'),
  ('426', '6ecbdd', '2020-02-11'),
  ('427', '189977', '2020-02-16'),
  ('428', '8d7d8e', '2020-01-27'),
  ('429', '75fc09', '2020-01-21'),
  ('430', 'f74909', '2020-01-06'),
  ('431', '663682', '2020-01-15'),
  ('432', '248e84', '2020-01-07'),
  ('433', '019d38', '2020-01-29'),
  ('434', 'a49e94', '2020-01-31'),
  ('435', 'ddb306', '2020-02-20'),
  ('436', '2421fc', '2020-01-07'),
  ('437', 'fccb60', '2020-02-26'),
  ('438', '1651cf', '2020-01-08'),
  ('439', 'eed5af', '2020-02-12'),
  ('440', 'a8abb4', '2020-02-14'),
  ('441', '15d4e8', '2020-02-19'),
  ('442', 'c203d8', '2020-01-12'),
  ('443', '13f3cf', '2020-02-24'),
  ('444', '550a14', '2020-01-07'),
  ('445', '67f7fb', '2020-02-03'),
  ('446', '1a5b1e', '2020-01-23'),
  ('447', '9a9687', '2020-02-19'),
  ('448', '9b70e8', '2020-01-25'),
  ('449', 'd61e4b', '2020-01-18'),
  ('450', 'f5f859', '2020-01-29'),
  ('451', '941e1a', '2020-01-29'),
  ('452', '9431c8', '2020-02-09'),
  ('453', '49ae49', '2020-01-14'),
  ('454', 'e44fea', '2020-02-05'),
  ('455', '821fa7', '2020-01-31'),
  ('456', '250cf8', '2020-02-06'),
  ('457', '42998c', '2020-01-18'),
  ('458', 'd07e70', '2020-02-25'),
  ('459', '7fe1f8', '2020-02-06'),
  ('460', '98b297', '2020-01-15'),
  ('461', '0353ab', '2020-01-14'),
  ('462', '51d92b', '2020-02-24'),
  ('463', '428fca', '2020-01-23'),
  ('464', 'f1b6f2', '2020-01-08'),
  ('465', '68ce19', '2020-01-09'),
  ('466', 'e836d8', '2020-02-18'),
  ('467', 'ab817c', '2020-02-28'),
  ('468', '877a9b', '2020-02-09'),
  ('469', 'dc6a64', '2020-01-30'),
  ('470', '263373', '2020-01-20'),
  ('471', '8e6b42', '2020-01-26'),
  ('472', 'ef575e', '2020-02-07'),
  ('473', '2050e0', '2020-02-27'),
  ('474', '25ddc0', '2020-01-27'),
  ('475', '5ef0b4', '2020-01-24'),
  ('476', '598b3e', '2020-01-13'),
  ('477', '74071a', '2020-02-25'),
  ('478', 'cfee39', '2020-02-18'),
  ('479', 'd18f65', '2020-02-08'),
  ('480', '6ea2ef', '2020-02-26'),
  ('481', '9461cc', '2020-01-14'),
  ('482', 'f770b6', '2020-01-22'),
  ('483', 'e1e32e', '2020-01-03'),
  ('484', 'eba0dc', '2020-01-15'),
  ('485', '218a0a', '2020-02-25'),
  ('486', '7d04bb', '2020-02-20'),
  ('487', 'a516a8', '2020-01-19'),
  ('488', 'c3c59e', '2020-02-11'),
  ('489', '854d9f', '2020-01-22'),
  ('490', 'c41000', '2020-01-21'),
  ('491', '559cb9', '2020-01-20'),
  ('492', '55a7cf', '2020-02-27'),
  ('493', '2f5570', '2020-02-02'),
  ('494', '1be3bc', '2020-02-23'),
  ('495', '350510', '2020-01-21'),
  ('496', 'b534ba', '2020-01-28'),
  ('497', '7380ad', '2020-02-17'),
  ('498', '05f971', '2020-01-04'),
  ('499', '3cf166', '2020-01-29'),
  ('500', 'cee631', '2020-02-28'),
  ('184', 'a446d3', '2020-02-15'),
  ('477', '3739cc', '2020-03-13'),
  ('394', '6c68b7', '2020-01-08'),
  ('350', '70dcc8', '2020-02-16'),
  ('176', 'a79bb0', '2020-01-07'),
  ('309', '5ecc5a', '2020-03-09'),
  ('156', 'f7d90a', '2020-02-04'),
  ('282', '676ce3', '2020-03-13'),
  ('390', '8a4289', '2020-02-26'),
  ('269', '081040', '2020-02-16'),
  ('261', 'f9dc33', '2020-03-10'),
  ('42', '1306da', '2020-03-18'),
  ('189', '082681', '2020-02-21'),
  ('161', '28d52e', '2020-02-20'),
  ('117', 'c48562', '2020-01-23'),
  ('257', '957dc0', '2020-02-17'),
  ('113', '9ff3a2', '2020-03-17'),
  ('40', '618bb1', '2020-02-11'),
  ('43', 'e9d012', '2020-02-22'),
  ('440', 'a48731', '2020-03-12'),
  ('349', '2632eb', '2020-02-01'),
  ('187', '83ed03', '2020-01-20'),
  ('357', '2ec3a8', '2020-02-28'),
  ('242', 'c00e5f', '2020-01-31'),
  ('307', '51556b', '2020-03-25'),
  ('29', '3f11c0', '2020-02-06'),
  ('181', 'd08872', '2020-02-01'),
  ('466', '39c4cd', '2020-03-09'),
  ('201', 'b90f2e', '2020-02-20'),
  ('35', '166861', '2020-01-27'),
  ('446', '1c1409', '2020-02-01'),
  ('400', '169dd3', '2020-02-26'),
  ('219', 'b4cfe6', '2020-02-02'),
  ('241', '0f7a74', '2020-03-13'),
  ('175', '1558d7', '2020-03-07'),
  ('50', 'f0d927', '2020-02-17'),
  ('231', '6ef636', '2020-02-16'),
  ('66', 'c02ce6', '2020-01-30'),
  ('356', '37c844', '2020-01-30'),
  ('391', '0c7d02', '2020-01-14'),
  ('458', '74e816', '2020-03-13'),
  ('414', 'c51cb1', '2020-02-29'),
  ('75', '396d06', '2020-01-22'),
  ('128', 'ca868e', '2020-02-25'),
  ('166', '13e986', '2020-03-09'),
  ('410', 'c2b43f', '2020-02-28'),
  ('152', 'f01ba8', '2020-03-14'),
  ('38', '515ef6', '2020-01-30'),
  ('359', 'fa8325', '2020-03-02'),
  ('217', 'b49d81', '2020-01-24'),
  ('186', '3de39d', '2020-03-07'),
  ('47', '617d26', '2020-03-13'),
  ('27', 'd56c2a', '2020-02-09'),
  ('143', '4b2c4e', '2020-01-18'),
  ('496', 'f2dca6', '2020-02-18'),
  ('294', '748aa2', '2020-02-27'),
  ('229', '15e850', '2020-01-26'),
  ('481', '81c3a3', '2020-02-10'),
  ('258', 'aad28d', '2020-02-23'),
  ('378', 'e8b021', '2020-01-27'),
  ('405', 'fc9a65', '2020-01-23'),
  ('170', '3116b3', '2020-02-29'),
  ('192', '512d3f', '2020-02-18'),
  ('276', '3020df', '2020-03-14'),
  ('69', '9286bc', '2020-01-20'),
  ('379', '8884d5', '2020-01-09'),
  ('375', '200082', '2020-01-27'),
  ('115', '2d39db', '2020-02-03'),
  ('97', 'a60f65', '2020-01-23'),
  ('127', '17ccc5', '2020-01-22'),
  ('44', '0426be', '2020-02-02'),
  ('153', 'b28827', '2020-02-18'),
  ('279', '071bc6', '2020-03-10'),
  ('214', '2b2e4f', '2020-02-01'),
  ('9', '358e24', '2020-02-26'),
  ('419', '866825', '2020-03-04'),
  ('457', '4d2600', '2020-01-28'),
  ('409', '7af144', '2020-03-23'),
  ('249', 'a98cf7', '2020-01-28'),
  ('255', 'e3dfcf', '2020-01-10'),
  ('56', '691f39', '2020-03-18'),
  ('245', '0ed373', '2020-01-05'),
  ('325', '1e776a', '2020-01-30'),
  ('443', '774295', '2020-02-24'),
  ('484', '1a8379', '2020-01-24'),
  ('144', 'a9826b', '2020-02-12'),
  ('471', '7f747b', '2020-01-30'),
  ('393', '7e7a2b', '2020-03-24'),
  ('287', 'd052fe', '2020-01-26'),
  ('464', '10e982', '2020-01-10'),
  ('312', 'd8032d', '2020-01-13'),
  ('167', 'b27eda', '2020-01-31'),
  ('290', '0d4a40', '2020-02-12'),
  ('469', '957134', '2020-02-25'),
  ('118', 'fd89ac', '2020-01-19'),
  ('342', '6979db', '2020-02-20'),
  ('194', '55de18', '2020-02-21'),
  ('360', 'ffc357', '2020-02-27'),
  ('476', 'd7a683', '2020-01-21'),
  ('99', '93000f', '2020-03-06'),
  ('41', '41dd88', '2020-02-05'),
  ('439', '588295', '2020-03-08'),
  ('224', '4a0fa3', '2020-02-09'),

CREATE TABLE clique_bait.events (
  "visit_id" VARCHAR(6),
  "cookie_id" VARCHAR(6),
  "page_id" INTEGER,
  "event_type" INTEGER,
  "sequence_number" INTEGER,
  "event_time" TIMESTAMP
);

INSERT INTO clique_bait.events
  ("visit_id", "cookie_id", "page_id", "event_type", "sequence_number", "event_time")
VALUES
  ('ccf365', 'c4ca42', '1', '1', '1', '2020-02-04 19:16:09.182546'),
  ('ccf365', 'c4ca42', '2', '1', '2', '2020-02-04 19:16:17.358191'),
  ('ccf365', 'c4ca42', '6', '1', '3', '2020-02-04 19:16:58.454669'),
  ('ccf365', 'c4ca42', '9', '1', '4', '2020-02-04 19:16:58.609142'),
  ('ccf365', 'c4ca42', '9', '2', '5', '2020-02-04 19:17:51.72942'),
  ('ccf365', 'c4ca42', '10', '1', '6', '2020-02-04 19:18:11.605815'),
  ('ccf365', 'c4ca42', '10', '2', '7', '2020-02-04 19:19:10.570786'),
  ('ccf365', 'c4ca42', '11', '1', '8', '2020-02-04 19:19:46.911728'),
  ('ccf365', 'c4ca42', '11', '2', '9', '2020-02-04 19:20:45.27469'),
  ('ccf365', 'c4ca42', '12', '1', '10', '2020-02-04 19:20:52.307244'),
  ('ccf365', 'c4ca42', '13', '3', '11', '2020-02-04 19:21:26.242563'),
  ('d58cbd', 'c81e72', '1', '1', '1', '2020-01-18 23:40:54.761906'),
  ('d58cbd', 'c81e72', '2', '1', '2', '2020-01-18 23:41:06.391027'),
  ('d58cbd', 'c81e72', '4', '1', '3', '2020-01-18 23:42:02.213001'),
  ('d58cbd', 'c81e72', '4', '2', '4', '2020-01-18 23:42:02.370046'),
  ('d58cbd', 'c81e72', '5', '1', '5', '2020-01-18 23:42:44.717024'),
  ('d58cbd', 'c81e72', '5', '2', '6', '2020-01-18 23:43:11.121855'),
  ('d58cbd', 'c81e72', '7', '1', '7', '2020-01-18 23:43:25.806239'),
  ('d58cbd', 'c81e72', '8', '1', '8', '2020-01-18 23:43:40.537995'),
  ('d58cbd', 'c81e72', '8', '2', '9', '2020-01-18 23:44:14.026393'),
  ('d58cbd', 'c81e72', '10', '1', '10', '2020-01-18 23:44:22.103768'),
  ('d58cbd', 'c81e72', '10', '2', '11', '2020-01-18 23:45:00.004781'),
  ('d58cbd', 'c81e72', '12', '1', '12', '2020-01-18 23:45:38.186554'),
  ('9a2f24', 'eccbc8', '1', '1', '1', '2020-02-21 03:19:10.032455'),
  ('9a2f24', 'eccbc8', '4', '1', '2', '2020-02-21 03:19:24.677901'),
  ('9a2f24', 'eccbc8', '4', '2', '3', '2020-02-21 03:19:48.146489'),
  ('9a2f24', 'eccbc8', '7', '1', '4', '2020-02-21 03:20:13.39183'),
  ('9a2f24', 'eccbc8', '7', '2', '5', '2020-02-21 03:20:13.869733'),
  ('9a2f24', 'eccbc8', '10', '1', '6', '2020-02-21 03:20:45.854556'),
  ('9a2f24', 'eccbc8', '11', '1', '7', '2020-02-21 03:21:20.335104'),
  ('9a2f24', 'eccbc8', '12', '1', '8', '2020-02-21 03:21:43.262109'),
  ('9a2f24', 'eccbc8', '13', '3', '9', '2020-02-21 03:22:22.501245'),
  ('7caba5', 'a87ff6', '1', '1', '1', '2020-02-22 17:49:37.646174'),
  ('7caba5', 'a87ff6', '4', '1', '2', '2020-02-22 17:50:23.736729'),
  ('7caba5', 'a87ff6', '5', '1', '3', '2020-02-22 17:50:26.878153'),
  ('7caba5', 'a87ff6', '5', '2', '4', '2020-02-22 17:51:17.963956'),
  ('7caba5', 'a87ff6', '8', '1', '5', '2020-02-22 17:51:53.119277'),
  ('7caba5', 'a87ff6', '9', '1', '6', '2020-02-22 17:52:21.958526'),
  ('7caba5', 'a87ff6', '9', '2', '7', '2020-02-22 17:52:56.251508'),
  ('f61ed7', 'e4da3b', '1', '1', '1', '2020-02-01 06:30:39.766168'),
  ('f61ed7', 'e4da3b', '2', '1', '2', '2020-02-01 06:30:50.502402'),
  ('f61ed7', 'e4da3b', '4', '1', '3', '2020-02-01 06:31:07.364658'),
  ('f61ed7', 'e4da3b', '8', '1', '4', '2020-02-01 06:31:29.54382'),
  ('f61ed7', 'e4da3b', '9', '1', '5', '2020-02-01 06:31:44.967397'),
  ('f61ed7', 'e4da3b', '9', '2', '6', '2020-02-01 06:32:39.425798'),
  ('f61ed7', 'e4da3b', '10', '1', '7', '2020-02-01 06:33:33.068154'),
  ('f61ed7', 'e4da3b', '10', '2', '8', '2020-02-01 06:33:40.811923'),
  ('f61ed7', 'e4da3b', '11', '1', '9', '2020-02-01 06:34:26.510623'),
  ('f61ed7', 'e4da3b', '12', '1', '10', '2020-02-01 06:34:48.74886'),
  ('f61ed7', 'e4da3b', '13', '3', '11', '2020-02-01 06:35:37.730703'),
  ('e0ce49', '167909', '1', '1', '1', '2020-01-25 22:43:21.482933'),
  ('e0ce49', '167909', '2', '1', '2', '2020-01-25 22:44:13.045517'),
  ('e0ce49', '167909', '5', '1', '3', '2020-01-25 22:44:36.389008'),
  ('e0ce49', '167909', '5', '2', '4', '2020-01-25 22:45:13.949207'),
  ('e0ce49', '167909', '6', '1', '5', '2020-01-25 22:46:07.060046'),
  ('e0ce49', '167909', '8', '1', '6', '2020-01-25 22:46:57.057053'),
  ('e0ce49', '167909', '9', '1', '7', '2020-01-25 22:47:06.641395'),
  ('e0ce49', '167909', '9', '2', '8', '2020-01-25 22:47:26.459918'),
  ('e0ce49', '167909', '10', '1', '9', '2020-01-25 22:47:49.388223'),
  ('e0ce49', '167909', '11', '1', '10', '2020-01-25 22:48:14.396058'),
  ('e0ce49', '167909', '11', '2', '11', '2020-01-25 22:48:43.041422'),
  ('e0ce49', '167909', '12', '1', '12', '2020-01-25 22:49:13.988901'),
  ('e0ce49', '167909', '13', '3', '13', '2020-01-25 22:49:37.372524'),
  ('8479c1', '8f14e4', '1', '1', '1', '2020-02-09 17:27:58.86766'),
  ('8479c1', '8f14e4', '2', '1', '2', '2020-02-09 17:28:19.121935'),
  ('8479c1', '8f14e4', '9', '1', '3', '2020-02-09 17:29:04.117961'),
  ('8479c1', '8f14e4', '11', '1', '4', '2020-02-09 17:29:53.831275'),
  ('8479c1', '8f14e4', '11', '2', '5', '2020-02-09 17:30:37.055533'),
  ('8479c1', '8f14e4', '12', '1', '6', '2020-02-09 17:31:23.897656'),
  ('8479c1', '8f14e4', '13', '3', '7', '2020-02-09 17:31:44.111949'),
  ('a6c424', 'c9f0f8', '1', '1', '1', '2020-02-12 11:23:54.788493'),
  ('a6c424', 'c9f0f8', '2', '1', '2', '2020-02-12 11:24:31.817736'),
  ('a6c424', 'c9f0f8', '5', '1', '3', '2020-02-12 11:25:02.767972'),
  ('a6c424', 'c9f0f8', '5', '2', '4', '2020-02-12 11:25:46.300856'),
  ('a6c424', 'c9f0f8', '7', '1', '5', '2020-02-12 11:26:35.253811'),
  ('a6c424', 'c9f0f8', '9', '1', '6', '2020-02-12 11:27:15.405177'),
  ('a6c424', 'c9f0f8', '10', '1', '7', '2020-02-12 11:28:06.3453'),
  ('a6c424', 'c9f0f8', '11', '1', '8', '2020-02-12 11:28:25.279665'),
  ('a6c424', 'c9f0f8', '11', '2', '9', '2020-02-12 11:29:18.892281'),
  ('5ef346', '45c48c', '1', '1', '1', '2020-02-07 17:32:44.707846'),
  ('5ef346', '45c48c', '2', '1', '2', '2020-02-07 17:33:12.180627'),
  ('5ef346', '45c48c', '3', '1', '3', '2020-02-07 17:33:43.016425'),
  ('5ef346', '45c48c', '4', '1', '4', '2020-02-07 17:33:44.69966'),
  ('5ef346', '45c48c', '5', '1', '5', '2020-02-07 17:34:02.558855'),
  ('5ef346', '45c48c', '6', '1', '6', '2020-02-07 17:34:23.327758'),
  ('5ef346', '45c48c', '11', '1', '7', '2020-02-07 17:34:35.345732'),
  ('d39d35', 'd3d944', '1', '1', '1', '2020-01-23 21:47:03.576066'),
  ('d39d35', 'd3d944', '2', '1', '2', '2020-01-23 21:47:26.31721'),
  ('d39d35', 'd3d944', '3', '1', '3', '2020-01-23 21:47:33.352359'),
  ('d39d35', 'd3d944', '4', '1', '4', '2020-01-23 21:47:48.935208'),
  ('d39d35', 'd3d944', '4', '2', '5', '2020-01-23 21:48:06.468956'),
  ('d39d35', 'd3d944', '6', '1', '6', '2020-01-23 21:48:56.594073'),
  ('d39d35', 'd3d944', '6', '2', '7', '2020-01-23 21:49:00.300961'),
  ('d39d35', 'd3d944', '9', '1', '8', '2020-01-23 21:49:40.667053'),
  ('d39d35', 'd3d944', '9', '2', '9', '2020-01-23 21:50:38.725028'),
  ('d39d35', 'd3d944', '12', '1', '10', '2020-01-23 21:51:14.109932'),
  ('d39d35', 'd3d944', '13', '3', '11', '2020-01-23 21:51:22.420869'),
  ('9c2633', '6512bd', '1', '1', '1', '2020-01-17 04:59:43.046418'),
  ('9c2633', '6512bd', '2', '1', '2', '2020-01-17 05:00:12.080309'),
  ('9c2633', '6512bd', '4', '1', '3', '2020-01-17 05:00:57.913348'),
  ('9c2633', '6512bd', '4', '2', '4', '2020-01-17 05:01:05.620304'),
  ('9c2633', '6512bd', '7', '1', '5', '2020-01-17 05:01:23.203653'),
  ('9c2633', '6512bd', '8', '1', '6', '2020-01-17 05:02:19.898546'),
  ('9c2633', '6512bd', '9', '1', '7', '2020-01-17 05:02:46.527259'),
  ('9c2633', '6512bd', '9', '2', '8', '2020-01-17 05:03:14.58197'),
  ('9c2633', '6512bd', '10', '1', '9', '2020-01-17 05:03:14.96522'),
  ('9c2633', '6512bd', '11', '1', '10', '2020-01-17 05:03:40.920901'),
  ('d69e73', 'c20ad4', '1', '1', '1', '2020-02-06 09:09:05.908878'),
  ('d69e73', 'c20ad4', '4', '1', '2', '2020-02-06 09:10:00.887631'),
  ('d69e73', 'c20ad4', '5', '1', '3', '2020-02-06 09:11:00.353528'),
  ('d69e73', 'c20ad4', '9', '1', '4', '2020-02-06 09:11:27.119921'),
  ('d69e73', 'c20ad4', '9', '2', '5', '2020-02-06 09:11:47.981352'),
  ('d69e73', 'c20ad4', '12', '1', '6', '2020-02-06 09:12:15.152894'),
  ('c70085', 'c51ce4', '1', '1', '1', '2020-02-12 08:26:14.018589'),
  ('c70085', 'c51ce4', '2', '1', '2', '2020-02-12 08:26:22.66126'),
  ('c70085', 'c51ce4', '4', '1', '3', '2020-02-12 08:27:06.68193'),
  ('c70085', 'c51ce4', '5', '1', '4', '2020-02-12 08:27:30.701165'),
  ('c70085', 'c51ce4', '10', '1', '5', '2020-02-12 08:28:04.595837'),
  ('c70085', 'c51ce4', '10', '2', '6', '2020-02-12 08:28:52.242217'),
  ('c70085', 'c51ce4', '12', '1', '7', '2020-02-12 08:28:53.270139'),
  ('6a20a3', 'aab323', '1', '1', '1', '2020-01-12 02:49:32.092947'),
  ('6a20a3', 'aab323', '2', '1', '2', '2020-01-12 02:50:10.86433'),
  ('6a20a3', 'aab323', '3', '1', '3', '2020-01-12 02:51:01.655328'),
  ('6a20a3', 'aab323', '3', '2', '4', '2020-01-12 02:51:09.753574'),
  ('6a20a3', 'aab323', '5', '1', '5', '2020-01-12 02:51:14.213414'),
  ('6a20a3', 'aab323', '6', '1', '6', '2020-01-12 02:52:02.560126'),
  ('6a20a3', 'aab323', '10', '1', '7', '2020-01-12 02:52:17.094098'),
  ('6a20a3', 'aab323', '11', '1', '8', '2020-01-12 02:52:57.031077'),
  ('6a20a3', 'aab323', '12', '1', '9', '2020-01-12 02:52:59.643379'),
  ('4b5d1b', '9bf31c', '1', '1', '1', '2020-01-28 04:56:41.29408'),
  ('4b5d1b', '9bf31c', '2', '1', '2', '2020-01-28 04:57:15.797744'),
  ('4b5d1b', '9bf31c', '3', '1', '3', '2020-01-28 04:57:24.349407'),
  ('4b5d1b', '9bf31c', '3', '2', '4', '2020-01-28 04:57:30.125256'),
  ('4b5d1b', '9bf31c', '9', '1', '5', '2020-01-28 04:58:05.239156'),
  ('4b5d1b', '9bf31c', '9', '2', '6', '2020-01-28 04:58:53.582952'),
  ('4b5d1b', '9bf31c', '11', '1', '7', '2020-01-28 04:59:11.343632'),
  ('4b5d1b', '9bf31c', '12', '1', '8', '2020-01-28 05:00:02.54472'),
  ('4b5d1b', '9bf31c', '13', '3', '9', '2020-01-28 05:00:57.529188'),
  ('69440b', 'c74d97', '1', '1', '1', '2020-01-06 21:45:50.948835'),
  ('69440b', 'c74d97', '2', '1', '2', '2020-01-06 21:46:36.30509'),
  ('69440b', 'c74d97', '11', '1', '3', '2020-01-06 21:46:42.014651'),
  ('69440b', 'c74d97', '11', '2', '4', '2020-01-06 21:47:10.846217'),
  ('69440b', 'c74d97', '12', '1', '5', '2020-01-06 21:47:52.127691'),
  ('69440b', 'c74d97', '13', '3', '6', '2020-01-06 21:48:34.834957'),
  ('e70fd5', '70efdf', '1', '1', '1', '2020-02-17 10:05:50.894637'),
  ('e70fd5', '70efdf', '2', '1', '2', '2020-02-17 10:06:36.737304'),
  ('e70fd5', '70efdf', '4', '1', '3', '2020-02-17 10:06:53.764928'),
  ('e70fd5', '70efdf', '4', '2', '4', '2020-02-17 10:07:51.061105'),
  ('e70fd5', '70efdf', '6', '1', '5', '2020-02-17 10:08:06.935513'),
  ('e70fd5', '70efdf', '6', '2', '6', '2020-02-17 10:09:04.536992'),
  ('e70fd5', '70efdf', '9', '1', '7', '2020-02-17 10:09:50.987371'),
  ('e70fd5', '70efdf', '11', '1', '8', '2020-02-17 10:10:26.393753'),
  ('e70fd5', '70efdf', '12', '1', '9', '2020-02-17 10:11:16.562551'),
  ('48810d', '6f4922', '1', '1', '1', '2020-02-29 15:26:40.947095'),
  ('48810d', '6f4922', '2', '1', '2', '2020-02-29 15:27:14.792315'),
  ('48810d', '6f4922', '8', '1', '3', '2020-02-29 15:27:52.875685'),
  ('48810d', '6f4922', '9', '1', '4', '2020-02-29 15:28:27.524633'),
  ('fdf383', '1f0e3d', '1', '1', '1', '2020-02-11 13:52:24.211825'),
  ('fdf383', '1f0e3d', '2', '1', '2', '2020-02-11 13:53:23.842767'),
  ('fdf383', '1f0e3d', '3', '1', '3', '2020-02-11 13:53:23.899118'),
  ('fdf383', '1f0e3d', '3', '2', '4', '2020-02-11 13:54:01.355168'),
  ('fdf383', '1f0e3d', '4', '1', '5', '2020-02-11 13:54:48.452227'),
  ('fdf383', '1f0e3d', '5', '1', '6', '2020-02-11 13:55:00.70358'),
  ('fdf383', '1f0e3d', '6', '1', '7', '2020-02-11 13:55:39.379189'),
  ('fdf383', '1f0e3d', '12', '1', '8', '2020-02-11 13:56:06.155978'),
  ('fdf383', '1f0e3d', '13', '3', '9', '2020-02-11 13:56:47.90472'),
  ('378a75', '98f137', '1', '1', '1', '2020-02-12 23:33:50.816642'),
  ('378a75', '98f137', '2', '1', '2', '2020-02-12 23:34:08.899141'),
  ('378a75', '98f137', '8', '1', '3', '2020-02-12 23:34:55.184939'),
  ('378a75', '98f137', '9', '1', '4', '2020-02-12 23:35:03.237855'),
  ('a67606', '3c59dc', '1', '1', '1', '2020-02-14 21:10:08.838252'),
  ('a67606', '3c59dc', '4', '1', '2', '2020-02-14 21:10:26.159489'),
  ('a67606', '3c59dc', '8', '1', '3', '2020-02-14 21:11:20.464873'),
  ('a67606', '3c59dc', '9', '1', '4', '2020-02-14 21:12:17.518529'),
  ('a67606', '3c59dc', '9', '2', '5', '2020-02-14 21:13:01.756609'),
  ('a67606', '3c59dc', '12', '1', '6', '2020-02-14 21:13:28.57594'),
  ('a67606', '3c59dc', '13', '3', '7', '2020-02-14 21:14:06.143987'),
  ('71740f', 'b6d767', '1', '1', '1', '2020-02-08 21:30:48.985777'),
  ('71740f', 'b6d767', '2', '1', '2', '2020-02-08 21:31:07.102895'),
  ('71740f', 'b6d767', '4', '1', '3', '2020-02-08 21:32:06.252986'),
  ('71740f', 'b6d767', '4', '2', '4', '2020-02-08 21:32:44.043535'),
  ('71740f', 'b6d767', '5', '1', '5', '2020-02-08 21:33:02.141059'),
  ('71740f', 'b6d767', '6', '1', '6', '2020-02-08 21:33:53.147475'),
  ('71740f', 'b6d767', '7', '1', '7', '2020-02-08 21:34:02.611086'),
  ('71740f', 'b6d767', '7', '2', '8', '2020-02-08 21:34:03.684007'),
  ('71740f', 'b6d767', '8', '1', '9', '2020-02-08 21:34:24.003705'),
  ('71740f', 'b6d767', '8', '2', '10', '2020-02-08 21:35:01.597757'),
  ('71740f', 'b6d767', '9', '1', '11', '2020-02-08 21:35:13.696946'),
  ('71740f', 'b6d767', '9', '2', '12', '2020-02-08 21:35:49.810941'),
  ('71740f', 'b6d767', '10', '1', '13', '2020-02-08 21:35:55.57263'),
  ('71740f', 'b6d767', '10', '2', '14', '2020-02-08 21:36:09.114777'),
  ('71740f', 'b6d767', '11', '1', '15', '2020-02-08 21:36:29.066529'),
  ('71740f', 'b6d767', '11', '2', '16', '2020-02-08 21:36:43.915368'),
  ('71740f', 'b6d767', '12', '1', '17', '2020-02-08 21:37:38.073044'),
  ('71740f', 'b6d767', '13', '3', '18', '2020-02-08 21:38:14.384829'),
  ('d7fa36', '37693c', '1', '1', '1', '2020-01-16 22:30:01.781'),
  ('d7fa36', '37693c', '2', '1', '2', '2020-01-16 22:30:52.624379'),
  ('d7fa36', '37693c', '4', '1', '3', '2020-01-16 22:31:12.357021'),
  ('d7fa36', '37693c', '5', '1', '4', '2020-01-16 22:31:24.092845'),
  ('d7fa36', '37693c', '9', '1', '5', '2020-01-16 22:31:33.690926'),
  ('2a5092', '1ff1de', '1', '1', '1', '2020-01-23 20:05:46.748733'),
  ('2a5092', '1ff1de', '3', '1', '2', '2020-01-23 20:06:45.365631'),
  ('2a5092', '1ff1de', '4', '1', '3', '2020-01-23 20:07:09.764502'),
  ('2a5092', '1ff1de', '4', '2', '4', '2020-01-23 20:07:28.434555'),
  ('2a5092', '1ff1de', '9', '1', '5', '2020-01-23 20:07:50.625356'),
  ('2a5092', '1ff1de', '9', '2', '6', '2020-01-23 20:08:44.853286'),
  ('2a5092', '1ff1de', '10', '1', '7', '2020-01-23 20:08:57.937689'),
  ('2a5092', '1ff1de', '10', '2', '8', '2020-01-23 20:09:48.333546'),
  ('2a5092', '1ff1de', '11', '1', '9', '2020-01-23 20:10:40.948346'),
  ('2a5092', '1ff1de', '12', '1', '10', '2020-01-23 20:11:39.011841'),
  ('2a5092', '1ff1de', '13', '3', '11', '2020-01-23 20:11:43.709463'),
  ('ce1b65', '8e296a', '1', '1', '1', '2020-01-08 18:34:24.082895'),
  ('ce1b65', '8e296a', '2', '1', '2', '2020-01-08 18:35:23.241017'),
  ('ce1b65', '8e296a', '4', '1', '3', '2020-01-08 18:36:13.358878'),
  ('ce1b65', '8e296a', '4', '2', '4', '2020-01-08 18:36:44.905584'),
  ('ce1b65', '8e296a', '5', '1', '5', '2020-01-08 18:36:51.611039'),
  ('ce1b65', '8e296a', '7', '1', '6', '2020-01-08 18:36:53.320521'),
  ('ce1b65', '8e296a', '7', '2', '7', '2020-01-08 18:37:32.256924'),
  ('ce1b65', '8e296a', '8', '1', '8', '2020-01-08 18:38:11.678928'),
  ('ce1b65', '8e296a', '9', '1', '9', '2020-01-08 18:38:13.007925'),
  ('ce1b65', '8e296a', '9', '2', '10', '2020-01-08 18:38:57.83428'),
  ('ce1b65', '8e296a', '11', '1', '11', '2020-01-08 18:39:53.40204'),
  ('ce1b65', '8e296a', '12', '1', '12', '2020-01-08 18:40:09.495547'),
  ('ce1b65', '8e296a', '13', '3', '13', '2020-01-08 18:40:31.620629'),
  ('8bfa80', '4e732c', '1', '1', '1', '2020-01-26 20:57:16.531533'),
  ('8bfa80', '4e732c', '2', '1', '2', '2020-01-26 20:57:30.72916'),
  ('8bfa80', '4e732c', '3', '1', '3', '2020-01-26 20:57:32.87345'),
  ('8bfa80', '4e732c', '3', '2', '4', '2020-01-26 20:57:52.12501'),
  ('8bfa80', '4e732c', '6', '1', '5', '2020-01-26 20:58:13.386788'),
  ('8bfa80', '4e732c', '8', '1', '6', '2020-01-26 20:58:26.638894'),
  ('8bfa80', '4e732c', '8', '2', '7', '2020-01-26 20:58:46.119458'),
  ('8bfa80', '4e732c', '10', '1', '8', '2020-01-26 20:59:05.73844'),
  ('37c63a', '02e74f', '1', '1', '1', '2020-01-31 11:10:22.629494'),
  ('37c63a', '02e74f', '3', '1', '2', '2020-01-31 11:11:04.391341'),
  ('37c63a', '02e74f', '3', '2', '3', '2020-01-31 11:11:54.668494'),
  ('37c63a', '02e74f', '6', '1', '4', '2020-01-31 11:12:44.738062'),
  ('37c63a', '02e74f', '9', '1', '5', '2020-01-31 11:12:53.863979'),
  ('37c63a', '02e74f', '9', '2', '6', '2020-01-31 11:13:01.507129'),
  ('37c63a', '02e74f', '10', '1', '7', '2020-01-31 11:13:04.368514'),
  ('37c63a', '02e74f', '11', '1', '8', '2020-01-31 11:13:10.070933'),
  ('37c63a', '02e74f', '11', '2', '9', '2020-01-31 11:13:13.311684'),
  ('37c63a', '02e74f', '12', '1', '10', '2020-01-31 11:13:17.208624'),
  ('37c63a', '02e74f', '13', '3', '11', '2020-01-31 11:13:31.09669'),
  ('32a3fc', '33e75f', '1', '1', '1', '2020-02-29 02:02:48.883437'),
  ('32a3fc', '33e75f', '2', '1', '2', '2020-02-29 02:03:20.222426'),
  ('32a3fc', '33e75f', '3', '1', '3', '2020-02-29 02:04:00.638628'),
  ('32a3fc', '33e75f', '4', '1', '4', '2020-02-29 02:04:49.671549'),
  ('32a3fc', '33e75f', '5', '1', '5', '2020-02-29 02:05:09.212041'),
  ('32a3fc', '33e75f', '5', '2', '6', '2020-02-29 02:05:21.160444'),
  ('32a3fc', '33e75f', '7', '1', '7', '2020-02-29 02:06:03.266493'),
  ('32a3fc', '33e75f', '7', '2', '8', '2020-02-29 02:06:10.857614'),
  ('32a3fc', '33e75f', '8', '1', '9', '2020-02-29 02:06:23.502862'),
  ('32a3fc', '33e75f', '10', '1', '10', '2020-02-29 02:06:49.908697'),
  ('32a3fc', '33e75f', '12', '1', '11', '2020-02-29 02:07:32.96808'),
  ('32a3fc', '33e75f', '13', '3', '12', '2020-02-29 02:07:52.581584'),
  ('0813d2', '6ea9ab', '1', '1', '1', '2020-01-10 12:01:39.723646'),
  ('0813d2', '6ea9ab', '2', '1', '2', '2020-01-10 12:02:34.694713'),
  ('0813d2', '6ea9ab', '3', '1', '3', '2020-01-10 12:02:59.95531'),
  ('0813d2', '6ea9ab', '3', '2', '4', '2020-01-10 12:03:24.20834'),
  ('0813d2', '6ea9ab', '4', '1', '5', '2020-01-10 12:03:31.543153'),
  ('0813d2', '6ea9ab', '4', '2', '6', '2020-01-10 12:04:19.218216'),
  ('0813d2', '6ea9ab', '6', '1', '7', '2020-01-10 12:05:06.076636'),
  ('0813d2', '6ea9ab', '6', '2', '8', '2020-01-10 12:05:36.002339'),
  ('0813d2', '6ea9ab', '8', '1', '9', '2020-01-10 12:05:50.762377'),
  ('0813d2', '6ea9ab', '9', '1', '10', '2020-01-10 12:06:13.247649'),
  ('0813d2', '6ea9ab', '12', '1', '11', '2020-01-10 12:06:36.827474'),
  ('0813d2', '6ea9ab', '13', '3', '12', '2020-01-10 12:07:26.648881'),
  ('cd512e', '34173c', '1', '1', '1', '2020-02-02 01:54:14.713832'),
  ('cd512e', '34173c', '3', '1', '2', '2020-02-02 01:54:33.16769'),
  ('cd512e', '34173c', '3', '2', '3', '2020-02-02 01:55:25.698466'),
  ('cd512e', '34173c', '6', '1', '4', '2020-02-02 01:56:16.139298'),
  ('cd512e', '34173c', '7', '1', '5', '2020-02-02 01:56:51.88124'),
  ('cd512e', '34173c', '7', '2', '6', '2020-02-02 01:57:17.009883'),
  ('cd512e', '34173c', '12', '1', '7', '2020-02-02 01:57:42.354067'),
  ('cd512e', '34173c', '13', '3', '8', '2020-02-02 01:58:02.614488'),
  ('d193fc', 'c16a53', '1', '1', '1', '2020-02-13 18:54:53.544665'),
  ('d193fc', 'c16a53', '4', '1', '2', '2020-02-13 18:55:15.518477'),
  ('d193fc', 'c16a53', '5', '1', '3', '2020-02-13 18:55:24.517397'),
  ('d193fc', 'c16a53', '5', '2', '4', '2020-02-13 18:56:12.183548'),
  ('d193fc', 'c16a53', '6', '1', '5', '2020-02-13 18:56:12.43574'),
  ('d193fc', 'c16a53', '8', '1', '6', '2020-02-13 18:56:42.247455'),
  ('d193fc', 'c16a53', '8', '2', '7', '2020-02-13 18:57:19.379645'),
  ('d193fc', 'c16a53', '10', '1', '8', '2020-02-13 18:57:45.773043'),
  ('d193fc', 'c16a53', '11', '1', '9', '2020-02-13 18:58:25.213467'),
  ('4c98cd', '6364d3', '1', '1', '1', '2020-02-17 22:10:30.714261'),
  ('4c98cd', '6364d3', '4', '1', '2', '2020-02-17 22:10:47.796673'),
  ('4c98cd', '6364d3', '4', '2', '3', '2020-02-17 22:11:46.94049'),
  ('4c98cd', '6364d3', '7', '1', '4', '2020-02-17 22:11:49.016464'),
  ('4c98cd', '6364d3', '11', '1', '5', '2020-02-17 22:12:01.245325'),
  ('4c98cd', '6364d3', '11', '2', '6', '2020-02-17 22:12:48.870791'),
  ('4c98cd', '6364d3', '12', '1', '7', '2020-02-17 22:13:00.529696'),
  ('4c98cd', '6364d3', '13', '3', '8', '2020-02-17 22:13:17.635849'),
  ('8d7256', '182be0', '1', '1', '1', '2020-02-03 13:00:48.917482'),
  ('8d7256', '182be0', '2', '1', '2', '2020-02-03 13:01:17.332978'),
  ('8d7256', '182be0', '3', '1', '3', '2020-02-03 13:02:11.96766'),
  ('8d7256', '182be0', '3', '2', '4', '2020-02-03 13:02:13.977298'),
  ('8d7256', '182be0', '8', '1', '5', '2020-02-03 13:02:38.836246'),
  ('8d7256', '182be0', '8', '2', '6', '2020-02-03 13:03:05.557892'),
  ('8d7256', '182be0', '11', '1', '7', '2020-02-03 13:03:51.809355'),
  ('97cca6', 'e36985', '1', '1', '1', '2020-02-24 07:27:19.727667'),
  ('97cca6', 'e36985', '2', '1', '2', '2020-02-24 07:27:51.987858'),
  ('97cca6', 'e36985', '4', '1', '3', '2020-02-24 07:28:23.283688'),
  ('97cca6', 'e36985', '5', '1', '4', '2020-02-24 07:28:50.347108'),
  ('97cca6', 'e36985', '5', '2', '5', '2020-02-24 07:29:38.925099'),
  ('97cca6', 'e36985', '7', '1', '6', '2020-02-24 07:30:04.298648'),
  ('97cca6', 'e36985', '8', '1', '7', '2020-02-24 07:30:51.881743'),
  ('97cca6', 'e36985', '8', '2', '8', '2020-02-24 07:31:14.991994'),
  ('97cca6', 'e36985', '9', '1', '9', '2020-02-24 07:32:13.249051'),
  ('97cca6', 'e36985', '9', '2', '10', '2020-02-24 07:32:20.737546'),
  ('97cca6', 'e36985', '10', '1', '11', '2020-02-24 07:32:36.869984'),
  ('97cca6', 'e36985', '10', '2', '12', '2020-02-24 07:32:42.917328'),
  ('97cca6', 'e36985', '12', '1', '13', '2020-02-24 07:33:11.277259'),
  ('97cca6', 'e36985', '13', '3', '14', '2020-02-24 07:33:55.226269'),
  ('6baa37', '1c383c', '1', '1', '1', '2020-01-22 01:09:59.482433'),
  ('6baa37', '1c383c', '2', '1', '2', '2020-01-22 01:10:20.7825'),
  ('6baa37', '1c383c', '3', '1', '3', '2020-01-22 01:10:31.643956'),
  ('6baa37', '1c383c', '3', '2', '4', '2020-01-22 01:11:06.752753'),
  ('6baa37', '1c383c', '4', '1', '5', '2020-01-22 01:12:00.048042'),
  ('6baa37', '1c383c', '9', '1', '6', '2020-01-22 01:12:26.860699'),
  ('6baa37', '1c383c', '9', '2', '7', '2020-01-22 01:12:31.564125'),
  ('6baa37', '1c383c', '10', '1', '8', '2020-01-22 01:12:44.593997'),
  ('6baa37', '1c383c', '10', '2', '9', '2020-01-22 01:13:29.75697'),
  ('6baa37', '1c383c', '12', '1', '10', '2020-01-22 01:14:25.423766'),
  ('6baa37', '1c383c', '13', '3', '11', '2020-01-22 01:14:58.172677'),
  ('64fca2', '19ca14', '1', '1', '1', '2020-02-14 18:08:54.505384'),
  ('64fca2', '19ca14', '2', '1', '2', '2020-02-14 18:08:55.660304'),
  ('64fca2', '19ca14', '7', '1', '3', '2020-02-14 18:09:41.058108'),
  ('64fca2', '19ca14', '8', '1', '4', '2020-02-14 18:10:28.237473'),
  ('64fca2', '19ca14', '8', '2', '5', '2020-02-14 18:11:07.039819'),
  ('64fca2', '19ca14', '10', '1', '6', '2020-02-14 18:11:50.196165'),
  ('64fca2', '19ca14', '12', '1', '7', '2020-02-14 18:12:38.026417'),
  ('64fca2', '19ca14', '13', '3', '8', '2020-02-14 18:13:01.76546'),
  ('d214e6', 'a5bfc9', '1', '1', '1', '2020-02-03 01:15:00.371654'),
  ('d214e6', 'a5bfc9', '2', '1', '2', '2020-02-03 01:15:30.294118'),
  ('d214e6', 'a5bfc9', '4', '1', '3', '2020-02-03 01:15:50.865437'),
  ('d214e6', 'a5bfc9', '4', '2', '4', '2020-02-03 01:15:53.327698'),
  ('d214e6', 'a5bfc9', '6', '1', '5', '2020-02-03 01:16:43.226923'),
  ('d214e6', 'a5bfc9', '6', '2', '6', '2020-02-03 01:17:42.727167'),
  ('d214e6', 'a5bfc9', '11', '1', '7', '2020-02-03 01:18:10.31608'),
  ('d214e6', 'a5bfc9', '12', '1', '8', '2020-02-03 01:18:30.612645'),
  ('d214e6', 'a5bfc9', '13', '3', '9', '2020-02-03 01:19:04.448952'),
  ('97cf44', 'a5771b', '1', '1', '1', '2020-01-28 22:16:01.381014'),
  ('97cf44', 'a5771b', '2', '1', '2', '2020-01-28 22:16:38.591811'),
  ('97cf44', 'a5771b', '3', '1', '3', '2020-01-28 22:17:09.747283'),
  ('97cf44', 'a5771b', '3', '2', '4', '2020-01-28 22:17:55.733965'),
  ('97cf44', 'a5771b', '5', '1', '5', '2020-01-28 22:18:00.165569'),
  ('97cf44', 'a5771b', '7', '1', '6', '2020-01-28 22:18:10.235114'),
  ('97cf44', 'a5771b', '7', '2', '7', '2020-01-28 22:18:47.57162'),
  ('97cf44', 'a5771b', '8', '1', '8', '2020-01-28 22:19:32.217359'),
  ('97cf44', 'a5771b', '8', '2', '9', '2020-01-28 22:19:33.060416'),
  ('97cf44', 'a5771b', '9', '1', '10', '2020-01-28 22:19:34.024478'),
  ('97cf44', 'a5771b', '9', '2', '11', '2020-01-28 22:20:30.225383'),
  ('97cf44', 'a5771b', '11', '1', '12', '2020-01-28 22:21:29.876528'),
  ('97cf44', 'a5771b', '12', '1', '13', '2020-01-28 22:21:41.683881'),
  ('97cf44', 'a5771b', '13', '3', '14', '2020-01-28 22:22:07.221874'),
  ('f0e648', 'd67d8a', '1', '1', '1', '2020-01-13 00:46:21.320321'),
  ('f0e648', 'd67d8a', '2', '1', '2', '2020-01-13 00:46:45.489807'),
  ('f0e648', 'd67d8a', '8', '1', '3', '2020-01-13 00:46:59.974482'),
  ('f0e648', 'd67d8a', '8', '2', '4', '2020-01-13 00:47:51.211522'),
  ('f0e648', 'd67d8a', '11', '1', '5', '2020-01-13 00:48:48.201073'),
  ('f0e648', 'd67d8a', '12', '1', '6', '2020-01-13 00:49:42.195434'),
  ('f0e648', 'd67d8a', '13', '3', '7', '2020-01-13 00:50:34.778623'),
  ('8bfb23', 'd64592', '1', '1', '1', '2020-02-07 22:03:56.504665'),
  ('8bfb23', 'd64592', '2', '1', '2', '2020-02-07 22:04:21.304721'),
  ('8bfb23', 'd64592', '3', '1', '3', '2020-02-07 22:04:30.286575'),
  ('8bfb23', 'd64592', '3', '2', '4', '2020-02-07 22:05:22.318105'),
  ('8bfb23', 'd64592', '4', '1', '5', '2020-02-07 22:06:21.869686'),
  ('8bfb23', 'd64592', '6', '1', '6', '2020-02-07 22:07:00.056361'),
  ('8bfb23', 'd64592', '6', '2', '7', '2020-02-07 22:07:08.164875'),
  ('8bfb23', 'd64592', '7', '1', '8', '2020-02-07 22:07:59.624811'),
  ('8bfb23', 'd64592', '8', '1', '9', '2020-02-07 22:08:23.856913'),
  ('8bfb23', 'd64592', '8', '2', '10', '2020-02-07 22:08:28.111064'),
  ('8bfb23', 'd64592', '9', '1', '11', '2020-02-07 22:09:11.344522'),
  ('8bfb23', 'd64592', '9', '2', '12', '2020-02-07 22:09:56.332883'),
  ('8bfb23', 'd64592', '10', '1', '13', '2020-02-07 22:10:09.005111'),
  ('8bfb23', 'd64592', '10', '2', '14', '2020-02-07 22:10:34.145102'),
  ('8bfb23', 'd64592', '12', '1', '15', '2020-02-07 22:10:36.113556'),
  ('8bfb23', 'd64592', '13', '3', '16', '2020-02-07 22:10:40.754938'),
  ('aa6d31', '3416a7', '1', '1', '1', '2020-01-09 21:59:51.43309'),
  ('aa6d31', '3416a7', '2', '1', '2', '2020-01-09 22:00:00.128498'),
  ('aa6d31', '3416a7', '3', '1', '3', '2020-01-09 22:00:38.562311'),
  ('aa6d31', '3416a7', '4', '1', '4', '2020-01-09 22:00:46.05229'),
  ('aa6d31', '3416a7', '4', '2', '5', '2020-01-09 22:01:15.748761'),
  ('aa6d31', '3416a7', '6', '1', '6', '2020-01-09 22:01:29.277619'),
  ('aa6d31', '3416a7', '6', '2', '7', '2020-01-09 22:01:31.771191'),
  ('aa6d31', '3416a7', '9', '1', '8', '2020-01-09 22:01:55.59754'),
  ('aa6d31', '3416a7', '10', '1', '9', '2020-01-09 22:02:30.93816'),
  ('d54641', 'a1d0c6', '1', '1', '1', '2020-02-29 01:09:31.996659'),
  ('d54641', 'a1d0c6', '3', '1', '2', '2020-02-29 01:09:50.786949'),
  ('d54641', 'a1d0c6', '5', '1', '3', '2020-02-29 01:10:49.37893'),
  ('d54641', 'a1d0c6', '5', '2', '4', '2020-02-29 01:11:26.409757'),
  ('d54641', 'a1d0c6', '6', '1', '5', '2020-02-29 01:12:21.263067'),
  ('d54641', 'a1d0c6', '8', '1', '6', '2020-02-29 01:13:14.009298'),
  ('d54641', 'a1d0c6', '11', '1', '7', '2020-02-29 01:13:28.350387'),
  ('d54641', 'a1d0c6', '12', '1', '8', '2020-02-29 01:13:35.985454'),
  ('d54641', 'a1d0c6', '13', '3', '9', '2020-02-29 01:14:18.47331'),
  ('f60bb1', '17e621', '1', '1', '1', '2020-02-22 07:52:30.386862'),
  ('f60bb1', '17e621', '2', '1', '2', '2020-02-22 07:52:54.20364'),
  ('f60bb1', '17e621', '8', '1', '3', '2020-02-22 07:53:09.708422'),
  ('f60bb1', '17e621', '8', '2', '4', '2020-02-22 07:53:41.93345'),
  ('f60bb1', '17e621', '10', '1', '5', '2020-02-22 07:54:31.717058'),
  ('f60bb1', '17e621', '11', '1', '6', '2020-02-22 07:55:11.898834'),
  ('f60bb1', '17e621', '12', '1', '7', '2020-02-22 07:55:54.799916'),
  ('f60bb1', '17e621', '13', '3', '8', '2020-02-22 07:56:31.338114'),
  ('cfbc1c', 'f71771', '1', '1', '1', '2020-01-08 04:52:56.568251'),
  ('cfbc1c', 'f71771', '2', '1', '2', '2020-01-08 04:53:20.97567'),
  ('cfbc1c', 'f71771', '6', '1', '3', '2020-01-08 04:54:05.681278'),
  ('cfbc1c', 'f71771', '9', '1', '4', '2020-01-08 04:54:06.508685'),
  ('cfbc1c', 'f71771', '11', '1', '5', '2020-01-08 04:54:09.421552'),
  ('cfbc1c', 'f71771', '11', '2', '6', '2020-01-08 04:54:35.879431'),
  ('cfbc1c', 'f71771', '12', '1', '7', '2020-01-08 04:55:34.032913'),
  ('cfbc1c', 'f71771', '13', '3', '8', '2020-01-08 04:56:12.48105'),
  ('cf849f', '6c8349', '1', '1', '1', '2020-02-09 11:31:50.231946'),
  ('cf849f', '6c8349', '2', '1', '2', '2020-02-09 11:32:44.777391'),
  ('cf849f', '6c8349', '3', '1', '3', '2020-02-09 11:33:43.197797'),
  ('cf849f', '6c8349', '3', '2', '4', '2020-02-09 11:34:40.562235'),
  ('cf849f', '6c8349', '4', '1', '5', '2020-02-09 11:34:56.112973'),
  ('cf849f', '6c8349', '4', '2', '6', '2020-02-09 11:35:21.520959'),
  ('cf849f', '6c8349', '6', '1', '7', '2020-02-09 11:35:22.245468'),
  ('cf849f', '6c8349', '9', '1', '8', '2020-02-09 11:36:20.640626'),
  ('cf849f', '6c8349', '11', '1', '9', '2020-02-09 11:36:27.83912'),
  ('d400f3', 'd9d4f4', '1', '1', '1', '2020-01-25 09:43:32.258825'),
  ('d400f3', 'd9d4f4', '2', '1', '2', '2020-01-25 09:44:06.443476'),
  ('d400f3', 'd9d4f4', '5', '1', '3', '2020-01-25 09:44:30.140154'),
  ('d400f3', 'd9d4f4', '5', '2', '4', '2020-01-25 09:45:23.731938'),
  ('d400f3', 'd9d4f4', '6', '1', '5', '2020-01-25 09:45:31.090059'),
  ('d400f3', 'd9d4f4', '6', '2', '6', '2020-01-25 09:46:17.651499'),
  ('d400f3', 'd9d4f4', '10', '1', '7', '2020-01-25 09:46:29.106316'),
  ('d400f3', 'd9d4f4', '12', '1', '8', '2020-01-25 09:46:38.160617'),
  ('d400f3', 'd9d4f4', '13', '3', '9', '2020-01-25 09:47:34.292167'),
  ('a59fa0', '67c6a1', '1', '1', '1', '2020-02-20 21:55:32.2642'),
  ('a59fa0', '67c6a1', '2', '1', '2', '2020-02-20 21:55:41.504557'),
  ('a59fa0', '67c6a1', '3', '1', '3', '2020-02-20 21:56:27.332169'),
  ('a59fa0', '67c6a1', '3', '2', '4', '2020-02-20 21:57:20.597676'),
  ('a59fa0', '67c6a1', '9', '1', '5', '2020-02-20 21:57:34.902999'),
  ('a59fa0', '67c6a1', '12', '1', '6', '2020-02-20 21:57:40.926722'),
  ('3e7fc5', '642e92', '1', '1', '1', '2020-02-21 09:14:25.675661'),
  ('3e7fc5', '642e92', '2', '1', '2', '2020-02-21 09:14:48.948903'),
  ('3e7fc5', '642e92', '3', '1', '3', '2020-02-21 09:15:15.750003'),
  ('3e7fc5', '642e92', '3', '2', '4', '2020-02-21 09:16:02.714932'),
  ('3e7fc5', '642e92', '4', '1', '5', '2020-02-21 09:16:32.985616'),
  ('3e7fc5', '642e92', '6', '1', '6', '2020-02-21 09:17:15.492116'),
  ('3e7fc5', '642e92', '7', '1', '7', '2020-02-21 09:17:47.033264'),
  ('3e7fc5', '642e92', '8', '1', '8', '2020-02-21 09:17:54.504507'),
  ('3e7fc5', '642e92', '8', '2', '9', '2020-02-21 09:18:21.973709'),
  ('3e7fc5', '642e92', '9', '1', '10', '2020-02-21 09:18:52.355306'),
  ('7da3f2', 'f457c5', '1', '1', '1', '2020-01-07 15:38:30.839708'),
  ('7da3f2', 'f457c5', '2', '1', '2', '2020-01-07 15:39:06.069838'),
  ('7da3f2', 'f457c5', '3', '1', '3', '2020-01-07 15:39:53.079454'),
  ('7da3f2', 'f457c5', '3', '2', '4', '2020-01-07 15:40:21.890177'),
  ('7da3f2', 'f457c5', '4', '1', '5', '2020-01-07 15:40:22.651006'),
  ('7da3f2', 'f457c5', '4', '2', '6', '2020-01-07 15:41:03.987775'),
  ('7da3f2', 'f457c5', '7', '1', '7', '2020-01-07 15:41:21.894963'),
  ('7da3f2', 'f457c5', '10', '1', '8', '2020-01-07 15:41:33.127936'),
  ('7da3f2', 'f457c5', '10', '2', '9', '2020-01-07 15:41:54.496397'),
  ('7da3f2', 'f457c5', '12', '1', '10', '2020-01-07 15:42:26.148579'),
  ('d337c9', 'c0c7c7', '1', '1', '1', '2020-02-13 12:26:35.143364'),
  ('d337c9', 'c0c7c7', '2', '1', '2', '2020-02-13 12:26:55.285368'),
  ('d337c9', 'c0c7c7', '6', '1', '3', '2020-02-13 12:27:50.903149'),
  ('d337c9', 'c0c7c7', '7', '1', '4', '2020-02-13 12:28:45.976445'),
  ('d337c9', 'c0c7c7', '9', '1', '5', '2020-02-13 12:29:39.537369'),
  ('d337c9', 'c0c7c7', '10', '1', '6', '2020-02-13 12:30:37.717832'),
  ('d337c9', 'c0c7c7', '10', '2', '7', '2020-02-13 12:31:06.100879'),
  ('d337c9', 'c0c7c7', '11', '1', '8', '2020-02-13 12:31:10.048103'),
  ('d337c9', 'c0c7c7', '12', '1', '9', '2020-02-13 12:31:31.741437'),
  ('d337c9', 'c0c7c7', '13', '3', '10', '2020-02-13 12:32:27.777334'),
  ('fcc0cb', '283802', '1', '1', '1', '2020-01-04 01:36:34.379692'),
  ('fcc0cb', '283802', '2', '1', '2', '2020-01-04 01:37:20.623822'),
  ('fcc0cb', '283802', '4', '1', '3', '2020-01-04 01:37:52.120279'),
  ('fcc0cb', '283802', '5', '1', '4', '2020-01-04 01:38:33.695121'),
  ('fcc0cb', '283802', '5', '2', '5', '2020-01-04 01:39:03.939575'),
  ('fcc0cb', '283802', '8', '1', '6', '2020-01-04 01:39:28.498464'),
  ('fcc0cb', '283802', '8', '2', '7', '2020-01-04 01:39:39.170681'),
  ('fcc0cb', '283802', '9', '1', '8', '2020-01-04 01:40:24.418447'),
  ('fcc0cb', '283802', '10', '1', '9', '2020-01-04 01:40:53.576944'),
  ('fcc0cb', '283802', '10', '2', '10', '2020-01-04 01:41:46.333288'),
  ('fcc0cb', '283802', '11', '1', '11', '2020-01-04 01:42:04.759482'),
  ('fcc0cb', '283802', '11', '2', '12', '2020-01-04 01:42:40.496706'),
  ('fcc0cb', '283802', '12', '1', '13', '2020-01-04 01:42:41.767431'),
  ('fcc0cb', '283802', '13', '3', '14', '2020-01-04 01:42:49.55179'),
  ('85fdaf', '9a1158', '1', '1', '1', '2020-02-19 23:49:26.139854'),
  ('85fdaf', '9a1158', '4', '1', '2', '2020-02-19 23:49:53.726401'),
  ('85fdaf', '9a1158', '5', '1', '3', '2020-02-19 23:50:49.961437'),
  ('85fdaf', '9a1158', '5', '2', '4', '2020-02-19 23:51:31.668281'),
  ('85fdaf', '9a1158', '6', '1', '5', '2020-02-19 23:52:01.699583'),
  ('85fdaf', '9a1158', '10', '1', '6', '2020-02-19 23:52:27.942677'),
  ('85fdaf', '9a1158', '10', '2', '7', '2020-02-19 23:53:18.647417'),
  ('9f4c50', 'd82c8d', '1', '1', '1', '2020-02-06 19:18:46.151777'),
  ('9f4c50', 'd82c8d', '2', '1', '2', '2020-02-06 19:19:30.436381'),
  ('9f4c50', 'd82c8d', '3', '1', '3', '2020-02-06 19:20:04.015473'),
  ('9f4c50', 'd82c8d', '4', '1', '4', '2020-02-06 19:20:43.211042'),
  ('9f4c50', 'd82c8d', '4', '2', '5', '2020-02-06 19:21:20.750201'),
  ('9f4c50', 'd82c8d', '5', '1', '6', '2020-02-06 19:21:26.471143'),
  ('9f4c50', 'd82c8d', '7', '1', '7', '2020-02-06 19:22:08.867948'),
  ('9f4c50', 'd82c8d', '7', '2', '8', '2020-02-06 19:22:24.430756'),
  ('9f4c50', 'd82c8d', '8', '1', '9', '2020-02-06 19:22:42.2011'),
  ('9f4c50', 'd82c8d', '8', '2', '10', '2020-02-06 19:23:08.177915'),
  ('9f4c50', 'd82c8d', '9', '1', '11', '2020-02-06 19:23:08.383512'),
  ('9f4c50', 'd82c8d', '11', '1', '12', '2020-02-06 19:23:09.05135'),
  ('9f4c50', 'd82c8d', '11', '2', '13', '2020-02-06 19:23:45.680615'),
  ('9f4c50', 'd82c8d', '12', '1', '14', '2020-02-06 19:23:47.70355'),
  ('9f4c50', 'd82c8d', '13', '3', '15', '2020-02-06 19:24:09.793167'),
  ('a4308c', 'a684ec', '1', '1', '1', '2020-01-30 07:08:42.017055'),
  ('a4308c', 'a684ec', '2', '1', '2', '2020-01-30 07:09:09.558815'),
  ('a4308c', 'a684ec', '7', '1', '3', '2020-01-30 07:09:59.514943'),
  ('a4308c', 'a684ec', '7', '2', '4', '2020-01-30 07:10:48.556998'),
  ('a4308c', 'a684ec', '10', '1', '5', '2020-01-30 07:11:03.041266'),
  ('a4308c', 'a684ec', '10', '2', '6', '2020-01-30 07:11:53.596409'),
  ('a4308c', 'a684ec', '12', '1', '7', '2020-01-30 07:12:10.632858'),
  ('a4308c', 'a684ec', '13', '3', '8', '2020-01-30 07:12:13.379298'),
  ('168168', 'b53b3a', '1', '1', '1', '2020-01-26 11:30:09.351099'),
  ('168168', 'b53b3a', '2', '1', '2', '2020-01-26 11:30:58.247761'),
  ('168168', 'b53b3a', '3', '1', '3', '2020-01-26 11:31:05.549375'),
  ('168168', 'b53b3a', '3', '2', '4', '2020-01-26 11:31:33.569002'),
  ('168168', 'b53b3a', '5', '1', '5', '2020-01-26 11:31:43.404295'),
  ('168168', 'b53b3a', '5', '2', '6', '2020-01-26 11:32:22.592082'),
  ('168168', 'b53b3a', '6', '1', '7', '2020-01-26 11:32:38.231714'),
  ('168168', 'b53b3a', '6', '2', '8', '2020-01-26 11:33:10.429266'),
  ('168168', 'b53b3a', '7', '1', '9', '2020-01-26 11:34:01.460752'),
  ('168168', 'b53b3a', '7', '2', '10', '2020-01-26 11:34:24.072281'),
  ('168168', 'b53b3a', '8', '1', '11', '2020-01-26 11:34:43.283952'),
  ('168168', 'b53b3a', '8', '2', '12', '2020-01-26 11:34:58.802203'),
  ('168168', 'b53b3a', '9', '1', '13', '2020-01-26 11:35:21.35116'),
  ('168168', 'b53b3a', '9', '2', '14', '2020-01-26 11:35:34.976829'),
  ('168168', 'b53b3a', '12', '1', '15', '2020-01-26 11:36:31.259445'),
  ('168168', 'b53b3a', '13', '3', '16', '2020-01-26 11:36:38.312464'),
  ('f09994', '9f6140', '1', '1', '1', '2020-02-24 04:08:22.478461'),
  ('f09994', '9f6140', '2', '1', '2', '2020-02-24 04:08:33.879538'),
  ('f09994', '9f6140', '3', '1', '3', '2020-02-24 04:09:19.89194'),
  ('f09994', '9f6140', '4', '1', '4', '2020-02-24 04:09:32.259109'),
  ('f09994', '9f6140', '6', '1', '5', '2020-02-24 04:09:35.450116'),
  ('f09994', '9f6140', '6', '2', '6', '2020-02-24 04:09:48.734465'),
  ('f09994', '9f6140', '7', '1', '7', '2020-02-24 04:10:02.318857'),
  ('f09994', '9f6140', '11', '1', '8', '2020-02-24 04:10:58.458078'),
  ('f09994', '9f6140', '12', '1', '9', '2020-02-24 04:11:12.561094'),
  ('f09994', '9f6140', '13', '3', '10', '2020-02-24 04:12:10.371075'),
  ('55d71b', '72b32a', '1', '1', '1', '2020-01-06 20:49:24.071174'),

--How many users are there?

SELECT 
  COUNT(DISTINCT user_id) AS user_count
FROM clique_bait.users;

--What is the unique number of visits by all users per month?

SELECT 
  EXTRACT(MONTH FROM event_time) as month, 
  COUNT(DISTINCT visit_id) AS unique_visit_count
FROM clique_bait.events
GROUP BY EXTRACT(MONTH FROM event_time);

--What is the number of events for each event type?

SELECT 
  event_type, 
  COUNT(*) AS event_count
FROM clique_bait.events
GROUP BY event_type
ORDER BY event_type;

--What is the percentage of visits which have a purchase event?

SELECT 
  100 * COUNT(DISTINCT e.visit_id)/
    (SELECT COUNT(DISTINCT visit_id) FROM clique_bait.events) AS percentage_purchase
FROM clique_bait.events AS e
JOIN clique_bait.event_identifier AS ei
  ON e.event_type = ei.event_type
WHERE ei.event_name = 'Purchase';

--What are the top 3 pages by number of views?

SELECT 
  ph.page_name, 
  COUNT(*) AS page_views
FROM clique_bait.events AS e
JOIN clique_bait.page_hierarchy AS ph
  ON e.page_id = ph.page_id
WHERE e.event_type = 1
GROUP BY ph.page_name
ORDER BY page_views DESC 
LIMIT 3;

--What is the number of views and cart adds for each product category?

SELECT 
  ph.product_category, 
  SUM(CASE WHEN e.event_type = 1 THEN 1 ELSE 0 END) AS page_views,
  SUM(CASE WHEN e.event_type = 2 THEN 1 ELSE 0 END) AS cart_adds
FROM clique_bait.events AS e
JOIN clique_bait.page_hierarchy AS ph
  ON e.page_id = ph.page_id
WHERE ph.product_category IS NOT NULL
GROUP BY ph.product_category
ORDER BY page_views DESC;
